{"Co1": 0.9234459466565621, "Co2": 0.8594321625516873, "Co3": 0.9057908128313742, "Co4": 0.8954584618821844, "H1": 0.0, "H2": 0.0, "H3": 0.0, "H4": 0.0, "H5": 0.0, "H6": 0.0, "H7": 0.0, "H8": 0.0, "H9": 0.0, "H10": 0.0, "H11": 0.0, "H12": 0.0, "H13": 0.0, "H14": 0.0, "H15": 0.0, "H16": 0.0, "H17": 0.0, "H18": 0.0, "H19": 0.0, "H20": 0.0, "H21": 0.0, "H22": 0.0, "H23": 0.0, "H24": 0.0, "H25": 0.0, "H26": 0.0, "H27": 0.0, "H28": 0.0, "H29": 0.0, "H30": 0.0, "H31": 0.0, "H32": 0.0, "C1": 0.2982941283823808, "C2": 0.18413119282343174, "C3": 0.2970069188671596, "C4": 0.16341899005239763, "C5": 0.23889518021059758, "C6": 0.42195210866357463, "C7": 0.31412255538308714, "C8": 0.4727840317131196, "C9": 0.27367027915126424, "C10": 0.3431438721724787, "C11": 0.37380822510782763, "C12": 0.35937776212857747, "C13": 0.5338519859554913, "C14": 0.5787441404194813, "C15": 0.44264260004856393, "C16": 0.42013480692886773, "C17": 0.7868324057694042, "C18": 0.45833919100725906, "C19": 0.7080298306602434, "C20": 0.5472837327797617, "C21": 0.8235013755786467, "C22": 0.6733573989197702, "C23": 0.6341124453106698, "C24": 0.8666768522588724, "C25": 0.30219522885392675, "C26": 0.19509763356484852, "C27": 0.29007130360968725, "C28": 0.1592648546292699, "C29": 0.21201625916746838, "C30": 0.4129092839430154, "C31": 0.31685410970682026, "C32": 0.4852165715851185, "C33": 0.2842836824070737, "C34": 0.3406029275926273, "C35": 0.3697645355628861, "C36": 0.37022407649199524, "C37": 0.5190693474700082, "C38": 0.573734797518172, "C39": 0.434571399188989, "C40": 0.42838176611560425, "C41": 0.7882663308199404, "C42": 0.4623170688082778, "C43": 0.7109438827815889, "C44": 0.5481617183448426, "C45": 0.8226263213032827, "C46": 0.6725009185970269, "C47": 0.6254194972582142, "C48": 0.8434309452872039, "N1": 0.4330921722804721, "N2": 0.44471390303038016, "N3": 0.8349100839097634, "N4": 0.9268292690132415, "N5": 0.44157529815469043, "N6": 0.4458124554145296, "N7": 0.822590103707441, "N8": 0.9288241750623996, "O1": 0.4567258839189892, "O2": 0.6513107180995695, "O3": 0.34624711318091983, "O4": 0.6850435857840549, "O5": 0.7799070838547318, "O6": 0.5184808819925449, "O7": 0.5261404311214358, "O8": 1.0, "O9": 0.4701628325691253, "O10": 0.6635734145215668, "O11": 0.3367114669821272, "O12": 0.6884229866672628, "O13": 0.803048681090647, "O14": 0.5091265915877412, "O15": 0.5266741345897943, "O16": 0.994348543221767}