{"Co1": 0.8876537593245913, "Co2": 0.7936902842525507, "Co3": 0.8697208561968162, "Co4": 0.8262454962477246, "H1": 0.0, "H2": 0.0, "H3": 0.0, "H4": 0.0, "H5": 0.0, "H6": 0.0, "H7": 0.0, "H8": 0.0, "H9": 0.0, "H10": 0.0, "H11": 0.0, "H12": 0.0, "H13": 0.0, "H14": 0.0, "H15": 0.0, "H16": 0.0, "H17": 0.0, "H18": 0.0, "H19": 0.0, "H20": 0.0, "H21": 0.0, "H22": 0.0, "H23": 0.0, "H24": 0.0, "H25": 0.0, "H26": 0.0, "H27": 0.0, "H28": 0.0, "H29": 0.0, "H30": 0.0, "H31": 0.0, "H32": 0.0, "C1": 0.7239641649029446, "C2": 0.6333288677876728, "C3": 0.6234012240167771, "C4": 0.6351505470630001, "C5": 0.6285122665811124, "C6": 0.7044278862258817, "C7": 0.6218958698702495, "C8": 0.6079412786363578, "C9": 0.6254537277217757, "C10": 0.6290862411181819, "C11": 0.6177289362347873, "C12": 0.6189981240480431, "C13": 0.6967511488565565, "C14": 0.7436821413161868, "C15": 0.6376557594043909, "C16": 0.6288099715579475, "C17": 0.9202374373646574, "C18": 0.644935527407232, "C19": 0.8329873621911736, "C20": 0.7367062929416448, "C21": 0.9094345538140371, "C22": 0.8143860855649538, "C23": 0.7669584106001026, "C24": 0.9045546458019081, "C25": 0.7279512125267417, "C26": 0.6323643475942589, "C27": 0.6240112251217225, "C28": 0.6355159115049609, "C29": 0.6308763209479374, "C30": 0.7149660741444183, "C31": 0.6216556242548514, "C32": 0.6068478121193067, "C33": 0.6245202578747714, "C34": 0.6314748007990947, "C35": 0.617002047457818, "C36": 0.6169616299225137, "C37": 0.6915560754928688, "C38": 0.7408751050951837, "C39": 0.6351180196579457, "C40": 0.6410751065770887, "C41": 0.9233589386703928, "C42": 0.6586586758786043, "C43": 0.8294834476775734, "C44": 0.7322989152310788, "C45": 0.9095115165714917, "C46": 0.8198741111319365, "C47": 0.7666404333214611, "C48": 0.8827833051102146, "N1": 0.7478322062453505, "N2": 0.6114926413605799, "N3": 0.8792025746122334, "N4": 0.9241625251123714, "N5": 0.7579114913661728, "N6": 0.6103134822164987, "N7": 0.8672956698621799, "N8": 0.927234687027684, "O1": 0.6656456673792125, "O2": 0.8552965490923509, "O3": 0.5519530156807477, "O4": 0.7278376587514865, "O5": 0.8136751439254875, "O6": 0.6569665750746873, "O7": 0.5653596026034398, "O8": 1.0, "O9": 0.6742067146857077, "O10": 0.8672084920643929, "O11": 0.5311409089571292, "O12": 0.7275404337474629, "O13": 0.8387032767204116, "O14": 0.6567067641663968, "O15": 0.564230123040761, "O16": 0.9961668996817394}