{"Co1": 0.26945890195606104, "Co2": 0.23617697218581116, "Co3": 0.2656248146881114, "Co4": 0.2359877605906375, "H1": 0.0, "H2": 0.0, "H3": 0.0, "H4": 0.0, "H5": 0.0, "H6": 0.0, "H7": 0.0, "H8": 0.0, "H9": 0.0, "H10": 0.0, "H11": 0.0, "H12": 0.0, "H13": 0.0, "H14": 0.0, "H15": 0.0, "H16": 0.0, "H17": 0.0, "H18": 0.0, "H19": 0.0, "H20": 0.0, "H21": 0.0, "H22": 0.0, "H23": 0.0, "H24": 0.0, "H25": 0.0, "H26": 0.0, "H27": 0.0, "H28": 0.0, "H29": 0.0, "H30": 0.0, "H31": 0.0, "H32": 0.0, "C1": 0.6019388556753966, "C2": 0.7458829060888384, "C3": 0.6313347596129399, "C4": 0.7541125211184538, "C5": 0.6502746573164023, "C6": 0.5185762530010612, "C7": 0.5724493787500365, "C8": 0.5280542611076487, "C9": 0.6330025039375906, "C10": 0.5199557371311969, "C11": 0.45698137649649223, "C12": 0.477351957915564, "C13": 0.38530153398292477, "C14": 0.4058956442225411, "C15": 0.4195442754345851, "C16": 0.40537767111110706, "C17": 0.3796449872032428, "C18": 0.3705682420505745, "C19": 0.3386660435721876, "C20": 0.38055695999368677, "C21": 0.33149358339261514, "C22": 0.3532732341127325, "C23": 0.3701705947499605, "C24": 0.2992552298252369, "C25": 0.6058365138726837, "C26": 0.7401607930069607, "C27": 0.6319362912053167, "C28": 0.7449010003440678, "C29": 0.6688884021433098, "C30": 0.5271957398213782, "C31": 0.564107367726506, "C32": 0.5159340877278167, "C33": 0.6163740522298603, "C34": 0.5131097303349006, "C35": 0.4532666367434012, "C36": 0.4675742960210164, "C37": 0.3819131795802698, "C38": 0.40130593893401606, "C39": 0.4212276236496807, "C40": 0.40622540424971265, "C41": 0.377327569323166, "C42": 0.37399406064483015, "C43": 0.3373210187589939, "C44": 0.37758507943503355, "C45": 0.33577055394365113, "C46": 0.3601234052564268, "C47": 0.3743096169645669, "C48": 0.30236199627728627, "N1": 0.5253198869101074, "N2": 0.4023109218700264, "N3": 0.3127487101250067, "N4": 0.29146898638426977, "N5": 0.52823601809965, "N6": 0.39704949243978754, "N7": 0.3125130859672632, "N8": 0.293981587288698, "O1": 0.4353788867979345, "O2": 0.4515788798727624, "O3": 0.40530688344043186, "O4": 0.3036523284084741, "O5": 0.29496332259685076, "O6": 0.3397955061518357, "O7": 0.2713223294240982, "O8": 0.29716995629720316, "O9": 0.43778377137547736, "O10": 0.449980664345255, "O11": 0.39820639017332193, "O12": 0.2996923274467526, "O13": 0.29516265345996384, "O14": 0.34183149022482795, "O15": 0.2735807641224706, "O16": 0.2958089075837459}