{"Co1": 4.125242319440937, "Co2": 4.1422567287992536, "Co3": 4.123378126608563, "Co4": 4.135844868950835, "H1": 0.0, "H2": 0.0, "H3": 0.0, "H4": 0.0, "H5": 0.0, "H6": 0.0, "H7": 0.0, "H8": 0.0, "H9": 0.0, "H10": 0.0, "H11": 0.0, "H12": 0.0, "H13": 0.0, "H14": 0.0, "H15": 0.0, "H16": 0.0, "H17": 0.0, "H18": 0.0, "H19": 0.0, "H20": 0.0, "H21": 0.0, "H22": 0.0, "H23": 0.0, "H24": 0.0, "H25": 0.0, "H26": 0.0, "H27": 0.0, "H28": 0.0, "H29": 0.0, "H30": 0.0, "H31": 0.0, "H32": 0.0, "C1": 4.946082592567886, "C2": 4.96473781469094, "C3": 4.797049368075047, "C4": 5.069478353399351, "C5": 4.9675941479147685, "C6": 4.767248683179453, "C7": 4.812440023848008, "C8": 4.670816881399725, "C9": 4.909355435024164, "C10": 4.658131301135018, "C11": 4.56927203915562, "C12": 4.698755611473981, "C13": 4.428321334665308, "C14": 4.440723068155659, "C15": 4.509993962777546, "C16": 4.540376427929385, "C17": 4.463537734356855, "C18": 4.585515476494802, "C19": 4.608614329182282, "C20": 4.6817655605619, "C21": 4.513923287843792, "C22": 4.47254773425044, "C23": 4.480492784914151, "C24": 4.367146395604356, "C25": 4.955120774645765, "C26": 4.960524806834459, "C27": 4.807733066044162, "C28": 5.088981386955712, "C29": 5.034467158219462, "C30": 4.80550052457301, "C31": 4.817869829157354, "C32": 4.624968301070231, "C33": 4.907631106849741, "C34": 4.669625986527161, "C35": 4.570738872092858, "C36": 4.671681894142337, "C37": 4.431466850771165, "C38": 4.438831568200973, "C39": 4.532461813028341, "C40": 4.554326831858721, "C41": 4.473428029987643, "C42": 4.5874382703230605, "C43": 4.619088715344083, "C44": 4.684291257022798, "C45": 4.555046426511509, "C46": 4.506913899767412, "C47": 4.49156156166551, "C48": 4.359394734906167, "N1": 4.734450371982861, "N2": 4.488451191488966, "N3": 4.295839643000586, "N4": 4.34405205417181, "N5": 4.7463064036947085, "N6": 4.479390101189526, "N7": 4.3116012390080005, "N8": 4.38748873396025, "O1": 4.551641540266832, "O2": 4.5763201942832925, "O3": 4.553455927013636, "O4": 4.293215270223076, "O5": 4.25163285949295, "O6": 4.496939360685426, "O7": 4.250858173555085, "O8": 4.295932294946957, "O9": 4.551865891953338, "O10": 4.5493186110289585, "O11": 4.549320638038232, "O12": 4.305156105745952, "O13": 4.266886014245289, "O14": 4.497687125542099, "O15": 4.257574060358127, "O16": 4.282710189499844}