{"Co1": 0.24352985157922571, "Co2": 0.24304803191119406, "Co3": 0.2421687701718983, "Co4": 0.2434953883702329, "H1": 0.0, "H2": 0.0, "H3": 0.0, "H4": 0.0, "H5": 0.0, "H6": 0.0, "H7": 0.0, "H8": 0.0, "H9": 0.0, "H10": 0.0, "H11": 0.0, "H12": 0.0, "H13": 0.0, "H14": 0.0, "H15": 0.0, "H16": 0.0, "H17": 0.0, "H18": 0.0, "H19": 0.0, "H20": 0.0, "H21": 0.0, "H22": 0.0, "H23": 0.0, "H24": 0.0, "H25": 0.0, "H26": 0.0, "H27": 0.0, "H28": 0.0, "H29": 0.0, "H30": 0.0, "H31": 0.0, "H32": 0.0, "C1": 0.3289731496375472, "C2": 0.3225723716468837, "C3": 0.3059082533417704, "C4": 0.33579884668120774, "C5": 0.3362170507692589, "C6": 0.3072673924190773, "C7": 0.296656757352762, "C8": 0.27115765121450236, "C9": 0.2968949324783815, "C10": 0.2910948932640091, "C11": 0.3021458915133497, "C12": 0.290787039208289, "C13": 0.2771866480750688, "C14": 0.2916227384928804, "C15": 0.3031876367100359, "C16": 0.2905121048866559, "C17": 0.2822551884956688, "C18": 0.3008948978013621, "C19": 0.2794806092437278, "C20": 0.2881281166370853, "C21": 0.27850519250482386, "C22": 0.2840375916549861, "C23": 0.27778622733000247, "C24": 0.28277325963255706, "C25": 0.3302199311450256, "C26": 0.3243360133758304, "C27": 0.3081962934222489, "C28": 0.3386427817600875, "C29": 0.3402163827476291, "C30": 0.30983501336121827, "C31": 0.29567352345087605, "C32": 0.27124733132071166, "C33": 0.29586921696183477, "C34": 0.28986896355445757, "C35": 0.3018902839253403, "C36": 0.28932864688311294, "C37": 0.27915730053452764, "C38": 0.29410620744864746, "C39": 0.3055471814820222, "C40": 0.2922643643304502, "C41": 0.2809150485153961, "C42": 0.30189181986579167, "C43": 0.27899694896238975, "C44": 0.28725067937691, "C45": 0.27834374194710093, "C46": 0.28421675787500633, "C47": 0.278900498925408, "C48": 0.28357040909403447, "N1": 0.3139505133242777, "N2": 0.2815616938780569, "N3": 0.26013929160474486, "N4": 0.26194685746496255, "N5": 0.3152221706241694, "N6": 0.2807470752435448, "N7": 0.2606631668713271, "N8": 0.2618973795680874, "O1": 0.29297119632174273, "O2": 0.2924330818740538, "O3": 0.28615286948333196, "O4": 0.2586643250913353, "O5": 0.2584082115404775, "O6": 0.2742404595756597, "O7": 0.2631862384751615, "O8": 0.26151694548994453, "O9": 0.29240729265087967, "O10": 0.29146813119167075, "O11": 0.2838295237299656, "O12": 0.25693684048023635, "O13": 0.258630219209036, "O14": 0.2765819426803681, "O15": 0.262583201873672, "O16": 0.2620588705641936}