{"Co1": 4.040287193062352, "Co2": 4.010467031367116, "Co3": 4.037041457848488, "Co4": 4.012698631945423, "H1": 0.0, "H2": 0.0, "H3": 0.0, "H4": 0.0, "H5": 0.0, "H6": 0.0, "H7": 0.0, "H8": 0.0, "H9": 0.0, "H10": 0.0, "H11": 0.0, "H12": 0.0, "H13": 0.0, "H14": 0.0, "H15": 0.0, "H16": 0.0, "H17": 0.0, "H18": 0.0, "H19": 0.0, "H20": 0.0, "H21": 0.0, "H22": 0.0, "H23": 0.0, "H24": 0.0, "H25": 0.0, "H26": 0.0, "H27": 0.0, "H28": 0.0, "H29": 0.0, "H30": 0.0, "H31": 0.0, "H32": 0.0, "C1": 4.3898423676736975, "C2": 4.395751607765688, "C3": 4.347447562404472, "C4": 4.445112877719854, "C5": 4.329221627708749, "C6": 4.37622066992157, "C7": 4.312935658355646, "C8": 4.2339333810447295, "C9": 4.341669376557791, "C10": 4.296804999668158, "C11": 4.296745515558388, "C12": 4.29117229632941, "C13": 4.231297683275043, "C14": 4.198620552324834, "C15": 4.230760649642828, "C16": 4.229632875518296, "C17": 4.202679202837245, "C18": 4.297807513039341, "C19": 4.219536693093457, "C20": 4.2288360686123365, "C21": 4.174590120736031, "C22": 4.18566879295334, "C23": 4.208187539006302, "C24": 4.154736697183705, "C25": 4.402825727993637, "C26": 4.3930953303200235, "C27": 4.359466782885514, "C28": 4.44988423692145, "C29": 4.346212943840659, "C30": 4.389242428034721, "C31": 4.313944710737222, "C32": 4.232859116906395, "C33": 4.3424367534248915, "C34": 4.308904854609653, "C35": 4.302352251138748, "C36": 4.2764120304917705, "C37": 4.22790313628159, "C38": 4.209935227161857, "C39": 4.230390966630924, "C40": 4.23600880142843, "C41": 4.209678865057155, "C42": 4.317867775144734, "C43": 4.216291956447227, "C44": 4.215083550822993, "C45": 4.176809130260285, "C46": 4.191611684185146, "C47": 4.2210011516471155, "C48": 4.1394585218544835, "N1": 4.313052581848319, "N2": 4.205440123203342, "N3": 4.097474016009146, "N4": 4.104761930914599, "N5": 4.298970924541206, "N6": 4.205696096472033, "N7": 4.103243850546532, "N8": 4.10573253250649, "O1": 4.243767607624242, "O2": 4.263850585583157, "O3": 4.223115319590731, "O4": 4.132689370632001, "O5": 4.171101462621815, "O6": 4.206458766100305, "O7": 4.141440275397186, "O8": 4.114295209948085, "O9": 4.2511952368003225, "O10": 4.266628877975981, "O11": 4.198569710647013, "O12": 4.124348446864369, "O13": 4.178878981940897, "O14": 4.212248844815698, "O15": 4.124749983180331, "O16": 4.109809689320881}