{"Co1": 0.0, "Co2": 0.0, "Co3": 0.0, "Co4": 0.0, "H1": 0.0, "H2": 0.0, "H3": 0.0, "H4": 0.0, "H5": 0.0, "H6": 0.0, "H7": 0.0, "H8": 0.0, "H9": 0.0, "H10": 0.0, "H11": 0.0, "H12": 0.0, "H13": 0.0, "H14": 0.0, "H15": 0.0, "H16": 0.0, "H17": 0.0, "H18": 0.0, "H19": 0.0, "H20": 0.0, "H21": 0.0, "H22": 0.0, "H23": 0.0, "H24": 0.0, "H25": 0.0, "H26": 0.0, "H27": 0.0, "H28": 0.0, "H29": 0.0, "H30": 0.0, "H31": 0.0, "H32": 0.0, "C1": 1.6477647771738324, "C2": 4.088199154101764, "C3": 13.365853371951381, "C4": 3.443213085391323, "C5": 4.596592292330433, "C6": 6.712627944818306, "C7": 0.0655848084334296, "C8": 16.3307678442657, "C9": 0.6297935798870956, "C10": 1.4318205922205984, "C11": 2.459849993217616, "C12": 0.2273978485543673, "C13": 1.6121078433552631, "C14": 0.06639436521900415, "C15": 0.0, "C16": 2.2452753135553647, "C17": 0.0, "C18": 0.059455364439224355, "C19": 0.015245065050819505, "C20": 0.49549805588863916, "C21": 0.0, "C22": 0.12316620680443324, "C23": 0.0, "C24": 0.0, "C25": 1.5868137711902142, "C26": 4.72883313372291, "C27": 12.633929138686959, "C28": 3.0796166498548465, "C29": 2.4846740287498688, "C30": 5.42766306855526, "C31": 0.133317358725976, "C32": 16.426840753573956, "C33": 0.9925238249485756, "C34": 0.7631241068518132, "C35": 2.081605700709133, "C36": 0.3165023287718941, "C37": 1.0202569589720443, "C38": 0.035795002159839634, "C39": 0.0, "C40": 2.32117853909782, "C41": 0.0, "C42": 0.004667232579886086, "C43": 0.0, "C44": 0.20657665360336763, "C45": 0.0, "C46": 0.42641690921805486, "C47": 0.08798095051011952, "C48": 0.0, "N1": 1.2939254784557703, "N2": 0.0, "N3": 0.0, "N4": 0.0, "N5": 0.8959489057783249, "N6": 0.0909651012269989, "N7": 0.0, "N8": 0.0, "O1": 0.2621895543565734, "O2": 0.3498896896931241, "O3": 1.1127679933390533, "O4": 0.0, "O5": 0.0, "O6": 0.0386491495529592, "O7": 0.01116157601786589, "O8": 0.0, "O9": 0.48900657236716727, "O10": 0.29228286051271907, "O11": 1.2351468335482687, "O12": 0.0, "O13": 0.0, "O14": 0.0, "O15": 0.0, "O16": 0.0}