{"O1": 0.7400892331001613, "O2": 0.7080708902249825, "O3": 0.6208552881712305, "O4": 0.6657389492108472, "O5": 0.6746268508969117, "O6": 0.6995621835863822, "O7": 0.7441064212765006, "O8": 0.8539913344941158, "O9": 0.6850165179287308, "O10": 0.6078540233673272, "O11": 0.8963775859084349, "O12": 0.8388937231983122, "O13": 0.8070760738388556, "O14": 0.8326961085322041, "O15": 0.487137073399652, "O16": 0.560809731931976, "O17": 0.8106944110370372, "O18": 0.8173799894987744, "O19": 0.575345650573013, "O20": 0.5412751943755156, "O21": 0.6977841147065388, "O22": 0.8418082501405421, "O23": 0.65304133064604, "O24": 0.6733601756769504, "O25": 0.5190121592411213, "O26": 0.6427048471882455, "O27": 0.6992958805925366, "O28": 0.7839528339225467, "O29": 0.7068379305478464, "O30": 0.6004249128904257, "O31": 0.7271592384500254, "O32": 0.7509727303881879, "O33": 0.9172525193819341, "O34": 0.7985840127377836, "O35": 0.7389130876821562, "O36": 0.5635278885810742, "O37": 0.687591940899294, "O38": 0.5197464958946767, "O39": 0.8416147585397207, "O40": 0.842114591154239, "O41": 0.7638594883145187, "O42": 0.804325531113637, "O43": 0.5410407224278215, "O44": 0.6864824009641155, "O45": 0.5847053363601119, "O46": 0.6091740022392161, "O47": 0.7419233832941664, "O48": 0.7757422233226798, "O49": 0.5764258402408063, "O50": 0.7670238438994696, "O51": 0.7415580246664812, "O52": 0.7876437454426489, "O53": 0.7417019923751033, "O54": 0.7090779082209766, "O55": 0.8093168483356118, "O56": 0.6087234066976519, "O57": 0.9077932957722887, "O58": 0.7062199300920082, "O59": 0.7187634814776296, "O60": 0.7535513567241908, "O61": 0.6957741488186746, "O62": 0.7309949918026867, "O63": 0.645360589125854, "O64": 0.8938408688133351, "O65": 0.5749646362214006, "O66": 0.8557467076631653, "O67": 0.6870026585774431, "O68": 0.7626306210600534, "O69": 0.7421513051856952, "O70": 0.6969954362294324, "O71": 0.6829526875224037, "O72": 0.8638634589267019, "O73": 0.8106405702680692, "O74": 0.7403337958057463, "O75": 0.8838415424980975, "O76": 0.6457330585459208, "O77": 0.883081522406469, "O78": 0.6738677207652716, "O79": 0.6956543277879953, "O80": 0.67405320705796, "O81": 0.6581058486169353, "O82": 0.8164564289651257, "O83": 0.6751114384540658, "O84": 0.6986639617750205, "O85": 0.8186341499063643, "O86": 0.6530045045805674, "O87": 0.795180428684913, "O88": 0.697628581825915, "O89": 0.7191367628226195, "O90": 0.7275860681153669, "O91": 0.5749099380817865, "O92": 0.8744122933374985, "O93": 0.7496680368887594, "O94": 0.7396970690685634, "O95": 0.8433630827874437, "O96": 0.5969229341439927, "O97": 0.784587434790949, "O98": 0.7960913742383701, "O99": 0.8219016219250528, "O100": 0.6122222828540667, "O101": 0.5217480362019101, "O102": 0.8296938124277555, "O103": 0.6759133531893463, "O104": 0.7514613314721743, "O105": 0.863735113050732, "O106": 0.664044328973729, "O107": 0.6658705097119897, "O108": 0.6744214519373938, "O109": 0.7746820283291245, "O110": 0.7229932371472021, "O111": 0.6668486960902299, "O112": 0.9479087780294188, "O113": 0.6836055822839987, "O114": 0.7405279253829272, "O115": 0.9023876601828237, "O116": 0.618300999937783, "O117": 0.7738048503558121, "O118": 0.7717239473308201, "O119": 0.5315007781022999, "O120": 0.8087787491656865, "O121": 0.6138005237160168, "O122": 0.8721231195590365, "O123": 0.6747175429561358, "O124": 0.7628876858356196, "O125": 0.7418582013332319, "O126": 0.6869534202283502, "O127": 0.7528420644615548, "O128": 0.7200988272572726, "O129": 0.7741745683508782, "O130": 0.6742101903287466, "O131": 0.8057989106170772, "O132": 0.6684600182857284, "O133": 0.916075088862973, "O134": 0.6421084435006275, "O135": 0.7914780739301727, "O136": 0.6959861741292666, "O137": 0.6871900684811811, "O138": 0.762648452955253, "O139": 0.6192283554388449, "O140": 0.85333482124183, "O141": 0.6394844000103936, "O142": 0.8325841469006391, "O143": 0.7208150715633151, "O144": 0.7085622442379137, "O145": 0.6649072236148227, "O146": 0.6228582982745497, "O147": 0.6988225572580979, "O148": 0.7966182106952442, "O149": 0.8371599120411575, "O150": 0.7413408629863018, "O151": 0.696900701489821, "O152": 0.6676234927888172, "O153": 0.5733410186857899, "O154": 0.5625774487347228, "O155": 0.9089089530417253, "O156": 0.7960926099951002, "O157": 0.8508948846995551, "O158": 0.8190927996007802, "O159": 0.5945615771339294, "O160": 0.7047191595961824, "O161": 0.6388993407386567, "O162": 0.6531758447023248, "O163": 0.8064691025087221, "O164": 0.7953797710966698, "O165": 0.752273474065327, "O166": 0.8178557937746952, "O167": 0.5973263695691846, "O168": 0.6640411905615099, "O169": 0.8433429637188297, "O170": 0.7866045176546856, "O171": 0.5867775815438862, "O172": 0.5196516055095466, "O173": 0.7773081838451671, "O174": 0.5865912859610505, "O175": 0.8861030483287312, "O176": 0.853680843537022, "O177": 0.6073371961400377, "O178": 0.652600494088072, "O179": 0.7422001370313768, "O180": 0.7402905874479683, "O181": 0.740914758686907, "O182": 0.5322193688647069, "O183": 0.7598797778646589, "O184": 0.7194479974175405, "O185": 0.7855880726062147, "O186": 0.8318552421863965, "O187": 0.5636090843949921, "O188": 0.6097814707193079, "O189": 0.7765155241561398, "O190": 0.7081269542673486, "O191": 0.661715205638155, "O192": 0.5866923202225359, "Co1": 0.7282085601987873, "Cl1": 0.23457753944550047, "Co2": 0.9559719910066117, "Cl2": 0.35673823375514263, "Co3": 0.8367797942836444, "Cl3": 0.32104596579670425, "Co4": 0.7510861061846206, "Cl4": 0.3153738698404737, "Co5": 0.7717000511806098, "Cl5": 0.3126879281304269, "Co6": 0.8698639185835442, "Cl6": 0.4268075613189919, "Co7": 0.9567588568292955, "Cl7": 0.4254569744844954, "Co8": 0.848438374891384, "Cl8": 0.37192259184082477, "Co9": 0.6850115773564517, "Cl9": 0.2485255366128387, "Co10": 0.8043076655745982, "Cl10": 0.3035789891293601, "Co11": 0.8277877517917872, "Cl11": 0.4282491418615827, "Co12": 0.8370966550843754, "Cl12": 0.37079642037199545, "Co13": 0.8709192308481616, "Cl13": 0.39519910165530087, "Co14": 0.8385570338675402, "Cl14": 0.3645994781443264, "Co15": 0.7712376025755517, "Cl15": 0.22301569654571599, "Co16": 0.6526685250004165, "Cl16": 0.23624420803499624, "Co17": 0.9675508774470317, "Cl17": 0.3586685118532401, "Co18": 0.7610263355589183, "Cl18": 0.2696952306425173, "Co19": 0.6742441128266908, "Cl19": 0.23466253872303316, "Co20": 0.7722036982061853, "Cl20": 0.26971505937100654, "Co21": 0.7064857581363415, "Cl21": 0.29146130310142626, "Co22": 0.9351635769644728, "Cl22": 0.3376265324917056, "Co23": 0.8706414586405279, "Cl23": 0.32989267419791546, "Co24": 0.6970568400694356, "Cl24": 0.3368303663497041, "Co25": 0.760865960149653, "Cl25": 0.2742362782844945, "Co26": 0.7503810701007311, "Cl26": 0.2705526166988902, "Co27": 0.8807573204260893, "Cl27": 0.3488740388132882, "Co28": 0.804636161849621, "Cl28": 0.33756281894724866, "Co29": 0.7408176911632388, "Cl29": 0.34178628548955714, "Co30": 0.793377277328875, "Cl30": 0.3037765652086278, "Co31": 0.7605288749562922, "Cl31": 0.17122219717307238, "Co32": 0.8691063062707128, "Cl32": 0.3223591225290265, "Co33": 0.9132497936036457, "Cl33": 0.3286023243756588, "Co34": 0.8372608500193104, "Cl34": 0.31522069269903846, "Co35": 0.7606333623761461, "Cl35": 0.2019430168637739, "Co36": 0.6843833443782134, "Cl36": 0.3001806674270777, "Co37": 0.8387949871495787, "Cl37": 0.4395002281089225, "Co38": 0.6633333266880219, "Cl38": 0.23256886189694914, "Co39": 0.924215897915772, "Cl39": 0.36532695898962636, "Co40": 0.8066570123357484, "Cl40": 0.3858175617759934, "Co41": 0.7396391899227797, "Cl41": 0.32500183175055847, "Co42": 1.0, "Cl42": 0.31558814067628116, "Co43": 0.6743246600780054, "Cl43": 0.26972228677967824, "Co44": 0.7715725764696457, "Cl44": 0.3345437541791731, "Co45": 0.7171275549721918, "Cl45": 0.30051816401617387, "Co46": 0.7614500539968327, "Cl46": 0.271217914145511, "Co47": 0.7732458440675335, "Cl47": 0.341558694987396, "Co48": 0.9686850014872773, "Cl48": 0.39217153732144966, "C1": 0.7678529630698745, "C2": 0.8477221559870899, "C3": 0.6698031451827197,