{"O1": 0.6358203805549781, "O2": 0.5985979867160045, "O3": 0.5136662176745556, "O4": 0.5461610590211381, "O5": 0.5725176309870492, "O6": 0.5692779468524176, "O7": 0.6044254341306562, "O8": 0.7038268274566851, "O9": 0.5871376746893445, "O10": 0.5194562141638993, "O11": 0.7558393109808484, "O12": 0.726000095754818, "O13": 0.6872092510748025, "O14": 0.6786185149643181, "O15": 0.40889196484854373, "O16": 0.5038470332691654, "O17": 0.6589313866842019, "O18": 0.7024994550007245, "O19": 0.4860634798734089, "O20": 0.4648786687870394, "O21": 0.5831738299355703, "O22": 0.7032226172830663, "O23": 0.5495780132257049, "O24": 0.5824168935861787, "O25": 0.44723393454525456, "O26": 0.534542331673286, "O27": 0.571359145904448, "O28": 0.6762871501418608, "O29": 0.6082337571374711, "O30": 0.4816989634531697, "O31": 0.6410533897783635, "O32": 0.6465810644872582, "O33": 0.7843322742232061, "O34": 0.6577591237629887, "O35": 0.6450121387611188, "O36": 0.48260421898578926, "O37": 0.5670103461621371, "O38": 0.44149498011151117, "O39": 0.7047347840461575, "O40": 0.7008285149183238, "O41": 0.6416859569423193, "O42": 0.7087051675480822, "O43": 0.4667111032941461, "O44": 0.5756815722266098, "O45": 0.5087329861790495, "O46": 0.5091403752872768, "O47": 0.6214862133347058, "O48": 0.6446374436670714, "O49": 0.47762163068441316, "O50": 0.616956029018562, "O51": 0.6243415474734945, "O52": 0.7432590034105228, "O53": 0.6232164175814856, "O54": 0.59072798545025, "O55": 0.6696972520878003, "O56": 0.5126618490807551, "O57": 0.7624406713835876, "O58": 0.6130635262071706, "O59": 0.6108506308178675, "O60": 0.6264287011640818, "O61": 0.5988820239743455, "O62": 0.6110763845404745, "O63": 0.5137872980059243, "O64": 0.7756641471096086, "O65": 0.4890411659141639, "O66": 0.6901083148608372, "O67": 0.5716156785765512, "O68": 0.6512897444481608, "O69": 0.6197049685287934, "O70": 0.5893374741184871, "O71": 0.6032668282642618, "O72": 0.7224915465543047, "O73": 0.659352160614375, "O74": 0.633909085215504, "O75": 0.7579935303830061, "O76": 0.5108763919257545, "O77": 0.7639332048544744, "O78": 0.5784503502836709, "O79": 0.5998184438465458, "O80": 0.5770007462407986, "O81": 0.5099980225999815, "O82": 0.7097172233005261, "O83": 0.5687305043385262, "O84": 0.5762976891216368, "O85": 0.6926979975943491, "O86": 0.5498658146185642, "O87": 0.6843586591344984, "O88": 0.5843893434340821, "O89": 0.6079333794189454, "O90": 0.6377176499804049, "O91": 0.4894686403284334, "O92": 0.7358676725917679, "O93": 0.6567774458158622, "O94": 0.6388852030679187, "O95": 0.691071359859833, "O96": 0.509067468561027, "O97": 0.6713276462825039, "O98": 0.677239478854444, "O99": 0.667162198805066, "O100": 0.4853175911933698, "O101": 0.425852633287475, "O102": 0.7020819230028725, "O103": 0.5624634167524162, "O104": 0.6427625715062807, "O105": 0.7234945894098977, "O106": 0.5594047780650341, "O107": 0.5451328933730248, "O108": 0.574122855598546, "O109": 0.6529230313868714, "O110": 0.5777944365832212, "O111": 0.5374882156557271, "O112": 0.8321995668014869, "O113": 0.5981643548024201, "O114": 0.6323919325685695, "O115": 0.8046865489155941, "O116": 0.5336283749649907, "O117": 0.6597783128095676, "O118": 0.6760408915377988, "O119": 0.4454503453238812, "O120": 0.6739025802599489, "O121": 0.4729833949519708, "O122": 0.7537579194450433, "O123": 0.5718088585284363, "O124": 0.6492807434996828, "O125": 0.6219956204327904, "O126": 0.5720004838841297, "O127": 0.6319719298123673, "O128": 0.6004146971823061, "O129": 0.6568889095409904, "O130": 0.5757738977190179, "O131": 0.6971904790289734, "O132": 0.524895483680175, "O133": 0.7935340756919196, "O134": 0.5392033186617263, "O135": 0.7132931337138855, "O136": 0.597225013405152, "O137": 0.5701510412160474, "O138": 0.6511503854313923, "O139": 0.5263809484083706, "O140": 0.7089575799824843, "O141": 0.5597106240640964, "O142": 0.6794935124178254, "O143": 0.5948171372404121, "O144": 0.5947579791698783, "O145": 0.552661123091008, "O146": 0.4980123841669643, "O147": 0.575058240911647, "O148": 0.6731221705253606, "O149": 0.7395500978954618, "O150": 0.6260386995648023, "O151": 0.5900778407490913, "O152": 0.5314330597172628, "O153": 0.5017299878728446, "O154": 0.490032053268357, "O155": 0.7537216374064982, "O156": 0.677229821224622, "O157": 0.7280260611342094, "O158": 0.6891135793516284, "O159": 0.5275218385246441, "O160": 0.6247922795648468, "O161": 0.5642829526892317, "O162": 0.5485267650877018, "O163": 0.6919528258226506, "O164": 0.6828007673797492, "O165": 0.6364155516302605, "O166": 0.6987809710524313, "O167": 0.5059145583652397, "O168": 0.5594293052415451, "O169": 0.6912285934903039, "O170": 0.6555638319774106, "O171": 0.4925380698179405, "O172": 0.4422365631358988, "O173": 0.6323992201764083, "O174": 0.4939939985883825, "O175": 0.7403195128178823, "O176": 0.7062533622704165, "O177": 0.5234952988169294, "O178": 0.5530232190542004, "O179": 0.6193233401081973, "O180": 0.6342467652090655, "O181": 0.6293687705157877, "O182": 0.4398344474628697, "O183": 0.6727880091423033, "O184": 0.6055010329606714, "O185": 0.6635075071151528, "O186": 0.685190015406375, "O187": 0.4819696611518186, "O188": 0.5043929152356744, "O189": 0.6385939781457511, "O190": 0.5981598375606364, "O191": 0.5776072368810451, "O192": 0.4932044002207887, "Co1": 0.7286696753478877, "Cl1": 0.17889511825696666, "Co2": 0.960818105677551, "Cl2": 0.27817628242001746, "Co3": 0.8383376741156543, "Cl3": 0.2696661808842163, "Co4": 0.7415119123176447, "Cl4": 0.2181775901610572, "Co5": 0.7720445408455476, "Cl5": 0.23916863971717015, "Co6": 0.8672308214119269, "Cl6": 0.3054750420260925, "Co7": 0.9546686276690811, "Cl7": 0.3160300868607227, "Co8": 0.8430409621210775, "Cl8": 0.25532507455291914, "Co9": 0.6829931832261188, "Cl9": 0.16570626203701047, "Co10": 0.8046616866975426, "Cl10": 0.2145395085276577, "Co11": 0.812794978641193, "Cl11": 0.29420886730031093, "Co12": 0.8358613579894849, "Cl12": 0.26412627862315363, "Co13": 0.8589833929733657, "Cl13": 0.2650493475449729, "Co14": 0.8244482721084925, "Cl14": 0.31255633982321673, "Co15": 0.7756586481620311, "Cl15": 0.17343581011378964, "Co16": 0.6483084441614465, "Cl16": 0.1658698456589577, "Co17": 0.9661442159167121, "Cl17": 0.26309086077341887, "Co18": 0.7596443807706803, "Cl18": 0.19189562597979548, "Co19": 0.6713256853560016, "Cl19": 0.1782308357670495, "Co20": 0.7681084615058154, "Cl20": 0.19174066140227156, "Co21": 0.7068029361598667, "Cl21": 0.21342420033234397, "Co22": 0.9318052827990365, "Cl22": 0.23590338696174515, "Co23": 0.8611542257036283, "Cl23": 0.20052778753648196, "Co24": 0.6846744908202459, "Cl24": 0.24212554840297834, "Co25": 0.7608977393789009, "Cl25": 0.25222353407385895, "Co26": 0.747021878271268, "Cl26": 0.18519502144667335, "Co27": 0.8779140997199697, "Cl27": 0.24381928404192582, "Co28": 0.8020944375416088, "Cl28": 0.23640131815812512, "Co29": 0.7259442654151969, "Cl29": 0.2033942744249849, "Co30": 0.7942674628463069, "Cl30": 0.21299542093428347, "Co31": 0.7635321122589992, "Cl31": 0.09912552600248856, "Co32": 0.8731516787199899, "Cl32": 0.25940365808261834, "Co33": 0.9114310919725896, "Cl33": 0.21061207081128105, "Co34": 0.8345781491978768, "Cl34": 0.2193746931937492, "Co35": 0.762715526925097, "Cl35": 0.14648826405060497, "Co36": 0.6879029210397355, "Cl36": 0.2410979178160637, "Co37": 0.8225886304354699, "Cl37": 0.3020967867074479, "Co38": 0.660778268008779, "Cl38": 0.19459324372490916, "Co39": 0.9215461892452338, "Cl39": 0.3068709645905028, "Co40": 0.7863011786852744, "Cl40": 0.24255063434732752, "Co41": 0.7351544347378904, "Cl41": 0.23875047710550504, "Co42": 1.0, "Cl42": 0.21650303046527467, "Co43": 0.6706961961390057, "Cl43": 0.19168417808656055, "Co44": 0.7730407754119907, "Cl44": 0.2599957758943975, "Co45": 0.7194525464788899, "Cl45": 0.23846032981471693, "Co46": 0.7563329556958802, "Cl46": 0.17999561908461317, "Co47": 0.7599639305435713, "Cl47": 0.20517292937177561, "Co48": 0.9572808612718494, "Cl48": 0.28871023070132446, "C1": 0.514659437366829, "C2": 0.46537073474083845,