{"O1": 0.2010131965580821, "O2": 0.18969077186673286, "O3": 0.22839963721538417, "O4": 0.2370120828841612, "O5": 0.2404500993920346, "O6": 0.2225114416795314, "O7": 0.19420109478771339, "O8": 0.18121864843222033, "O9": 0.22005450450805994, "O10": 0.2520428881318821, "O11": 0.19051223523826089, "O12": 0.18947072010231242, "O13": 0.20520531513298984, "O14": 0.17639928785506562, "O15": 0.23717856973397597, "O16": 0.23226674280860438, "O17": 0.211534209522857, "O18": 0.21823391076732446, "O19": 0.19420819049550198, "O20": 0.21533492292016393, "O21": 0.22982966986419603, "O22": 0.22202524155974812, "O23": 0.21781508119112902, "O24": 0.2035500033305746, "O25": 0.23448836936179676, "O26": 0.20477004623073772, "O27": 0.2156169134018531, "O28": 0.20556412691618714, "O29": 0.2035938789790218, "O30": 0.22024076892536756, "O31": 0.2041421184965465, "O32": 0.2214417886997194, "O33": 0.19737844149394068, "O34": 0.21341652746070822, "O35": 0.22345934879352927, "O36": 0.24687433964623942, "O37": 0.22124643199578647, "O38": 0.25325396301822317, "O39": 0.19770067887826745, "O40": 0.19972683910907585, "O41": 0.23094331382271668, "O42": 0.1614447153588086, "O43": 0.22638754775838463, "O44": 0.20918155358521529, "O45": 0.22946583369686022, "O46": 0.20044117104810838, "O47": 0.20377333989242966, "O48": 0.1857357932943676, "O49": 0.1803298616619, "O50": 0.22596718422995388, "O51": 0.1892129890080916, "O52": 0.22686141079240085, "O53": 0.2255486914149813, "O54": 0.20254043857268214, "O55": 0.2064607936727528, "O56": 0.18883903331100516, "O57": 0.20018141796833633, "O58": 0.1938898187955359, "O59": 0.23844692987126234, "O60": 0.20368946724891102, "O61": 0.20818079645746487, "O62": 0.24301371027221996, "O63": 0.18148236707139123, "O64": 0.21876696134820334, "O65": 0.20834311253229335, "O66": 0.1974449645475381, "O67": 0.23649323254978183, "O68": 0.21320517461410057, "O69": 0.22239785344538182, "O70": 0.20062879146859294, "O71": 0.2059129893273715, "O72": 0.18970521747177116, "O73": 0.19447611970552678, "O74": 0.26047845441117085, "O75": 0.17383418841421858, "O76": 0.19064769891340838, "O77": 0.18525104534634293, "O78": 0.20937115848993643, "O79": 0.1910739451840069, "O80": 0.24608737405796316, "O81": 0.1884200900305843, "O82": 0.23591934653154797, "O83": 0.18569780219754123, "O84": 0.1958741150974779, "O85": 0.21792891093264172, "O86": 0.19082296678467728, "O87": 0.20641380309858243, "O88": 0.20275578817677856, "O89": 0.223268141642251, "O90": 0.2291502495225934, "O91": 0.17605787440817935, "O92": 0.21278970111649737, "O93": 0.23090140748966106, "O94": 0.20594899325935062, "O95": 0.22543938298654964, "O96": 0.18790859778562008, "O97": 0.2244262192526475, "O98": 0.19246707215131478, "O99": 0.21035849184686647, "O100": 0.1756168770118381, "O101": 0.17571344933695723, "O102": 0.227171263165638, "O103": 0.1985617950928548, "O104": 0.2303124131979813, "O105": 0.2087698787845775, "O106": 0.19015637821453726, "O107": 0.23574695186558164, "O108": 0.22448049893437383, "O109": 0.20606845332544366, "O110": 0.2529070791644827, "O111": 0.17812586602103855, "O112": 0.19069841032824347, "O113": 0.22810434718817502, "O114": 0.22158955478943396, "O115": 0.22666957081139602, "O116": 0.1945942517362507, "O117": 0.21419903030205983, "O118": 0.23080838009045052, "O119": 0.17997889867402314, "O120": 0.22225804105208066, "O121": 0.18164404936730183, "O122": 0.2378231903526792, "O123": 0.19027801797842292, "O124": 0.21710172681352266, "O125": 0.21964347634913767, "O126": 0.18945143041610524, "O127": 0.21084022251293752, "O128": 0.20097902175921778, "O129": 0.19249238636499694, "O130": 0.25855161762611445, "O131": 0.18430940950784339, "O132": 0.21195385100386296, "O133": 0.19271851675746024, "O134": 0.2069872428308251, "O135": 0.18853408088490117, "O136": 0.24190493243173353, "O137": 0.23038272638761156, "O138": 0.18613108030154782, "O139": 0.209978756568201, "O140": 0.20197768935790966, "O141": 0.2152407082877414, "O142": 0.1943394373450576, "O143": 0.2277889184761298, "O144": 0.19860481977767716, "O145": 0.24888369278060787, "O146": 0.2195821979075028, "O147": 0.20996709367658373, "O148": 0.18540960850804916, "O149": 0.19654807891677128, "O150": 0.19848871248518538, "O151": 0.21138329682415888, "O152": 0.24087984353865033, "O153": 0.21739768288964034, "O154": 0.22821887595205675, "O155": 0.1711929705554151, "O156": 0.20332576465711366, "O157": 0.19756184696695575, "O158": 0.19795402131326092, "O159": 0.2448692863035768, "O160": 0.22985084859097474, "O161": 0.22755230821546052, "O162": 0.19592590028018916, "O163": 0.20666330675624758, "O164": 0.17735457904959157, "O165": 0.21424682145986648, "O166": 0.17671746903241348, "O167": 0.22766268621119037, "O168": 0.21099689778799063, "O169": 0.20064849654980893, "O170": 0.1987969907706136, "O171": 0.21184412622906934, "O172": 0.2594459828024316, "O173": 0.22445111679105761, "O174": 0.25582174633305144, "O175": 0.18655442533909988, "O176": 0.19935211039751038, "O177": 0.22630170312995712, "O178": 0.1954081400782028, "O179": 0.21655852465845693, "O180": 0.21211317958306514, "O181": 0.22501116735784454, "O182": 0.20438909759837998, "O183": 0.21768883209821618, "O184": 0.20079035594548453, "O185": 0.2338954789100095, "O186": 0.21360513126259964, "O187": 0.20955378886283907, "O188": 0.2043126135804752, "O189": 0.22978549407557838, "O190": 0.22083806397127093, "O191": 0.20599628040085424, "O192": 0.2096933172513322, "Mn1": 0.13613123159470059, "Cl1": 0.19207578738698347, "Mn2": 0.1574167061013187, "Cl2": 0.1930095326156432, "Mn3": 0.16428515509874592, "Cl3": 0.20484093059627145, "Mn4": 0.1762594048781111, "Cl4": 0.22915179023568272, "Mn5": 0.18369039636888482, "Cl5": 0.2292781099880323, "Mn6": 0.16356732599262785, "Cl6": 0.1911021953197027, "Mn7": 0.14887697366228514, "Cl7": 0.1992781756899263, "Mn8": 0.12911300676729448, "Cl8": 0.18238826769953387, "Mn9": 0.16992368898990323, "Cl9": 0.20254523586181314, "Mn10": 0.18390027216470334, "Cl10": 0.23238578120414838, "Mn11": 0.12402306341469974, "Cl11": 0.15867359087870472, "Mn12": 0.15785299789326457, "Cl12": 0.2145922253891044, "Mn13": 0.15222360041718394, "Cl13": 0.18888774090516375, "Mn14": 0.13268520462425987, "Cl14": 0.18164044657135037, "Mn15": 0.18432131733835289, "Cl15": 0.23197557969472432, "Mn16": 0.17133845289173108, "Cl16": 0.23266302278427936, "Mn17": 0.17262218398237636, "Cl17": 0.2075516441588428, "Mn18": 0.16632266265296247, "Cl18": 0.21203299003970633, "Mn19": 0.14270845512518024, "Cl19": 0.18190911495892823, "Mn20": 0.16209086289072544, "Cl20": 0.2237506555704934, "Mn21": 0.18175061724056057, "Cl21": 0.21818597894282482, "Mn22": 0.16419047520115015, "Cl22": 0.20002014574321783, "Mn23": 0.15973079480684932, "Cl23": 0.21850377769913007, "Mn24": 0.14586579679484407, "Cl24": 0.21362431948622654, "Mn25": 0.17316672548128678, "Cl25": 0.20716329157213295, "Mn26": 0.1385633874417625, "Cl26": 0.16810052673668732, "Mn27": 0.15962676957112754, "Cl27": 0.2096449995320842, "Mn28": 0.15389539229507138, "Cl28": 0.20665598676644037, "Mn29": 0.1441001913527143, "Cl29": 0.19350178937696855, "Mn30": 0.17956729317870856, "Cl30": 0.20363004993777972, "Mn31": 0.15132705652488668, "Cl31": 0.1969251923495039, "Mn32": 0.16253139984307616, "Cl32": 0.21214500766685201, "Mn33": 0.14404476973719613, "Cl33": 0.1919688645116731, "Mn34": 0.1572475464196181, "Cl34": 0.19964958787295828, "Mn35": 0.1500475401187095, "Cl35": 0.19926076975258084, "Mn36": 0.18642096053059398, "Cl36": 0.23388378431690862, "Mn37": 0.15408744280849002, "Cl37": 0.21552298737604356, "Mn38": 0.20022973869211108, "Cl38": 0.2330744412717384, "Mn39": 0.1310783092300177, "Cl39": 0.18631298536937704, "Mn40": 0.14680521982492936, "Cl40": 0.19078642784261288, "Mn41": 0.16093094785721182, "Cl41": 0.20777634461911668, "Mn42": 0.12901310959135384, "Cl42": 0.16948485457174606, "Mn43": 0.1897472580943771, "Cl43": 0.21702907862118015, "Mn44": 0.15739992879809928, "Cl44": 0.21195540922096628, "Mn45": 0.18536965717019852, "Cl45": 0.21726420675005917,