{"O1": 0.16499899903081877, "O2": 0.16273392168345235, "O3": 0.159281045355148, "O4": 0.1601377239914913, "O5": 0.16055817388981689, "O6": 0.1648974789426598, "O7": 0.1622860257588409, "O8": 0.16644448714213783, "O9": 0.15865896197877813, "O10": 0.16078130322239004, "O11": 0.1620793956709398, "O12": 0.16494262110307192, "O13": 0.15973977622117527, "O14": 0.15865530543259654, "O15": 0.15879437842916158, "O16": 0.15849995228039143, "O17": 0.16351377967385428, "O18": 0.1705661100630474, "O19": 0.15868743762198848, "O20": 0.1627484908770316, "O21": 0.1632893318868306, "O22": 0.16450641315545916, "O23": 0.16165662169035505, "O24": 0.1655378699363321, "O25": 0.15801860105997573, "O26": 0.1655753806981453, "O27": 0.1668705172674217, "O28": 0.16098685538821017, "O29": 0.16288552941889997, "O30": 0.159343920012074, "O31": 0.16101397790917832, "O32": 0.16326987757739211, "O33": 0.15871792390544384, "O34": 0.16673268177574485, "O35": 0.16478846770945244, "O36": 0.1635177367927922, "O37": 0.16558446077421926, "O38": 0.16235777463045434, "O39": 0.1575950908213019, "O40": 0.16620869489361403, "O41": 0.16746559820180673, "O42": 0.16285675431689356, "O43": 0.1592708492714986, "O44": 0.1580157669170534, "O45": 0.1571279654931471, "O46": 0.15850742272438506, "O47": 0.16888585226886188, "O48": 0.1655401563395753, "O49": 0.16119114541519483, "O50": 0.16277774129917785, "O51": 0.16123494974237912, "O52": 0.1575737837717911, "O53": 0.15699363565158858, "O54": 0.16353613337751058, "O55": 0.159684108724718, "O56": 0.16781682574069126, "O57": 0.16307849593828044, "O58": 0.1599632902239106, "O59": 0.16420358078317904, "O60": 0.16492676700729234, "O61": 0.15692056878043192, "O62": 0.1660808207270165, "O63": 0.16427797817942166, "O64": 0.16434468249663717, "O65": 0.16630572219147233, "O66": 0.16771417309605016, "O67": 0.16180566284679665, "O68": 0.1626043926477006, "O69": 0.161167381125856, "O70": 0.15851569585362144, "O71": 0.16565337399616054, "O72": 0.16306545170552667, "O73": 0.17124446804181176, "O74": 0.16520357953621925, "O75": 0.15776366430608166, "O76": 0.1647613054636961, "O77": 0.15652187136257023, "O78": 0.1652934935571954, "O79": 0.16186686121216332, "O80": 0.16228620132720487, "O81": 0.17063727930642172, "O82": 0.15980641755662586, "O83": 0.16186718855863783, "O84": 0.16538014928156908, "O85": 0.15978000296269473, "O86": 0.16589481531051348, "O87": 0.16646821995178174, "O88": 0.16250844508958553, "O89": 0.16520543547649363, "O90": 0.16146690793886032, "O91": 0.16213908820945383, "O92": 0.16218358646893916, "O93": 0.1627069740520164, "O94": 0.1631921892878248, "O95": 0.15946379380179287, "O96": 0.16314404919079742, "O97": 0.1564031655502633, "O98": 0.1620821715677307, "O99": 0.16158499928498032, "O100": 0.16863531643155694, "O101": 0.1630274120154575, "O102": 0.16132355215773989, "O103": 0.16473950863945697, "O104": 0.15977041821128418, "O105": 0.16644133702619127, "O106": 0.16203130840952698, "O107": 0.16690543637129612, "O108": 0.16093598175626117, "O109": 0.1631354942289785, "O110": 0.16713026646115717, "O111": 0.16080624505815674, "O112": 0.16101612966709397, "O113": 0.1630970951356388, "O114": 0.1643367514334486, "O115": 0.16339930335819244, "O116": 0.16009645823891488, "O117": 0.1645612059790377, "O118": 0.16064054857733975, "O119": 0.1630075503154171, "O120": 0.1609013196167121, "O121": 0.16905807717585392, "O122": 0.16184090545702784, "O123": 0.1608447627002667, "O124": 0.16510817402358463, "O125": 0.1589775010451545, "O126": 0.1687148371137851, "O127": 0.16404411227144583, "O128": 0.16468358119810417, "O129": 0.16801012728406636, "O130": 0.16339538534655174, "O131": 0.15536656291448794, "O132": 0.16787914045682575, "O133": 0.15799921988425134, "O134": 0.1647833706272004, "O135": 0.16434932323273194, "O136": 0.16362414214587262, "O137": 0.1603449137921487, "O138": 0.15835335961786765, "O139": 0.16661604092034005, "O140": 0.16694894294533874, "O141": 0.16549374935038458, "O142": 0.16279465303486107, "O143": 0.1640092056500617, "O144": 0.16009888932682828, "O145": 0.161259653464039, "O146": 0.16402948425878175, "O147": 0.1599297563448874, "O148": 0.16410170936797447, "O149": 0.1644271571321977, "O150": 0.16325574417338612, "O151": 0.15915383674352698, "O152": 0.1608224313951704, "O153": 0.15333124819227184, "O154": 0.16138871695978182, "O155": 0.15993480199524138, "O156": 0.16452806125378483, "O157": 0.1623567406039561, "O158": 0.16002154336862065, "O159": 0.1582472161146069, "O160": 0.1621650203430059, "O161": 0.15847955162135935, "O162": 0.16209375787809827, "O163": 0.1685723535151138, "O164": 0.1638813982760885, "O165": 0.1676993853376774, "O166": 0.16440946922299696, "O167": 0.15808131563694258, "O168": 0.15644928129814606, "O169": 0.1560066457319669, "O170": 0.1662203051262185, "O171": 0.1631517054317553, "O172": 0.16233153144316592, "O173": 0.1668554327559138, "O174": 0.16589306012032626, "O175": 0.1603456734889388, "O176": 0.16728728630735115, "O177": 0.160340876300743, "O178": 0.16411018647413442, "O179": 0.16492566296785136, "O180": 0.161091695719976, "O181": 0.1627453584920898, "O182": 0.15623977411808931, "O183": 0.1606271218743339, "O184": 0.16464339047387042, "O185": 0.16651231730446656, "O186": 0.16385532002843875, "O187": 0.1587224315559844, "O188": 0.16738808856441256, "O189": 0.16323013001853764, "O190": 0.1655790401426828, "O191": 0.15916455169849703, "O192": 0.1622447761014645, "Co1": 0.15848165856146784, "Cl1": 0.16500944896144304, "Co2": 0.15600068148819027, "Cl2": 0.16673992901177467, "Co3": 0.15726154417819266, "Cl3": 0.1650639405859077, "Co4": 0.1488580328208179, "Cl4": 0.16423485201261118, "Co5": 0.15026149514829168, "Cl5": 0.16108533229780578, "Co6": 0.15823623184643268, "Cl6": 0.17183444522029032, "Co7": 0.1519150032691791, "Cl7": 0.16405409334239682, "Co8": 0.16227832036908887, "Cl8": 0.1729662994866645, "Co9": 0.15731631790356126, "Cl9": 0.16571374951334572, "Co10": 0.16358247102993473, "Cl10": 0.16910263563173367, "Co11": 0.15228966799132504, "Cl11": 0.16990871661994955, "Co12": 0.15218896634108586, "Cl12": 0.16582982238753743, "Co13": 0.15437543728639913, "Cl13": 0.17173575592465784, "Co14": 0.15279924849766804, "Cl14": 0.16588739147870762, "Co15": 0.16051732614257688, "Cl15": 0.16762516357351373, "Co16": 0.15790093046413806, "Cl16": 0.16378900422763173, "Co17": 0.15643387631120492, "Cl17": 0.17123831317630683, "Co18": 0.15912727139099164, "Cl18": 0.171636209036014, "Co19": 0.16131890336837992, "Cl19": 0.16463873118235484, "Co20": 0.15992588688158788, "Cl20": 0.16769158023313427, "Co21": 0.16071815204830925, "Cl21": 0.1712877924987741, "Co22": 0.15315459875949947, "Cl22": 0.16496060420423303, "Co23": 0.15787268428524026, "Cl23": 0.16762682884477462, "Co24": 0.16103689344839564, "Cl24": 0.1705758516757807, "Co25": 0.15224336918004172, "Cl25": 0.15719821187311364, "Co26": 0.16025627805567663, "Cl26": 0.16613999139645289, "Co27": 0.1619450612514261, "Cl27": 0.17619136135117006, "Co28": 0.16079249739375187, "Cl28": 0.16651070122909772, "Co29": 0.1623543016859117, "Cl29": 0.17357730505907948, "Co30": 0.1526624703393775, "Cl30": 0.1634781128062436, "Co31": 0.1530377523217881, "Cl31": 0.16004909379204846, "Co32": 0.15869298103900528, "Cl32": 0.163186287217144, "Co33": 0.15052491364644613, "Cl33": 0.16349527673467631, "Co34": 0.15481660679764897, "Cl34": 0.16871344546968445, "Co35": 0.16589624842049006, "Cl35": 0.16998248549610398, "Co36": 0.15543665323625733, "Cl36": 0.16502073590700944, "Co37": 0.16566082586511802, "Cl37": 0.17552730650621345, "Co38": 0.15852297794881032, "Cl38": 0.16351238474305207, "Co39": 0.14860693318787047, "Cl39": 0.16158547147792415, "Co40": 0.1578943930572972, "Cl40": 0.16893013676875912, "Co41": 0.16456689168583735, "Cl41": 0.17325839806013996, "Co42": 0.15904545817307222, "Cl42": 0.17072930615745635, "Co43": 0.15504817426765652, "Cl43": 0.1622293526936246, "Co44": 0.15479743557377043, "Cl44": 0.16302038825283718, "Co45": 0.1521421644675365, "Cl45": 0.16322798901171487, "Co46": 0.15629390527826117,