{"O1": 0.29144545662004817, "O2": 0.042004655685327595, "O3": 0.15297044409275726, "O4": 0.1436164548801731, "O5": 0.0, "O6": 0.100529329389066, "O7": 0.05663213355336795, "O8": 0.19108475457534027, "O9": 0.05962351918540816, "O10": 0.2096585924373634, "O11": 0.030685168257973475, "O12": 0.03643634463082534, "O13": 0.08910656051256631, "O14": 0.06994952498401437, "O15": 0.08071303242691967, "O16": 0.010784246337345893, "O17": 0.04649677659656402, "O18": 0.13914806341377478, "O19": 0.026540995527418097, "O20": 0.1738711464781465, "O21": 0.1408407209759172, "O22": 0.31083817042516365, "O23": 0.05657610515024393, "O24": 0.5414792816321561, "O25": 0.08055129892863422, "O26": 0.08081677032156409, "O27": 0.08223410450676098, "O28": 0.05997878048888856, "O29": 0.14124878216658193, "O30": 0.10475861296418029, "O31": 0.049722353844797756, "O32": 0.20330984961760068, "O33": 0.09997758704827982, "O34": 0.16591433353148516, "O35": 0.10687719256771558, "O36": 0.10759178986357322, "O37": 0.06993586917984748, "O38": 0.3742259749664909, "O39": 0.25077880352350895, "O40": 0.05674672511277396, "O41": 0.3210878769917364, "O42": 0.0, "O43": 0.027639166749011755, "O44": 0.13418938392453839, "O45": 0.18810054219447614, "O46": 0.08393102030967364, "O47": 0.19044300355203936, "O48": 0.026013644275207533, "Mn1": 0.0, "Cl1": 0.0, "Mn2": 0.0, "Cl2": 0.0, "Mn3": 0.0, "Cl3": 0.5839810782923245, "Mn4": 0.0, "Cl4": 0.05120540572396638, "Mn5": 0.0, "Cl5": 0.6925142269450575, "Mn6": 0.0, "Cl6": 0.7571825149809308, "Mn7": 0.0, "Cl7": 0.0009416268776999202, "Mn8": 0.0, "Cl8": 0.03990462144072382, "Mn9": 0.0, "Cl9": 0.0, "Mn10": 0.0, "Cl10": 0.14676504988443323, "Mn11": 0.0, "Cl11": 0.18784581882281315, "Mn12": 0.0, "Cl12": 0.0, "C1": 1.4120110863920179, "C2": 0.11729510830791558, "C3": 1.635994055730474, "C4": 0.0259821837915514, "C5": 0.5905252665353026, "C6": 0.0, "C7": 0.8868644745239688, "C8": 0.0, "C9": 0.614813480676373, "C10": 0.0, "C11": 1.570939201563156, "C12": 0.1251758438715793, "C13": 0.86012306119892, "C14": 0.019208821536869418, "C15": 1.704690255570091, "C16": 0.044936509685845547, "C17": 1.055604596032014, "C18": 0.016120527151848647, "C19": 0.838329204698499, "C20": 0.1819010212662232, "C21": 0.7079758892509758, "C22": 0.10291814373520272, "C23": 1.068460426371602, "C24": 0.03324889880116038, "C25": 1.0100757461384997, "C26": 0.0662669423360311, "C27": 0.9892472448887635, "C28": 0.0, "C29": 0.5884583087538078, "C30": 0.09272904569262522, "C31": 0.39770752648826946, "C32": 0.0, "C33": 1.209271325191048, "C34": 0.0, "C35": 1.7888347618570142, "C36": 0.0616084394839256, "C37": 1.8034794278441433, "C38": 0.07380761854783488, "C39": 0.6017366501624376, "C40": 0.15148329419122528, "C41": 0.8036265455570175, "C42": 0.09785811591474058, "C43": 0.9365706883433147, "C44": 0.09842285627881907, "C45": 0.9504033241908312, "C46": 0.0, "C47": 0.7532860923209796, "C48": 0.0, "C49": 4.590026009382065, "C50": 2.7156611420371, "C51": 2.0078913973850203, "C52": 2.8434013919336145, "C53": 1.9136522009714576, "C54": 3.1941824245248736, "C55": 2.2124152031685758, "C56": 3.2828160527176884, "C57": 3.7670307403204863, "C58": 2.380401774176784, "C59": 2.457114402425272, "C60": 1.4782895612496487, "C61": 1.5189634379298442, "C62": 2.4548689151611427, "C63": 3.213613733962844, "C64": 1.8136230468109626, "C65": 2.966236437615668, "C66": 3.5094527418091492, "C67": 2.59180941676265, "C68": 1.6228860455731418, "C69": 1.9540378015873796, "C70": 2.4144890809667685, "C71": 2.484502618679502, "C72": 2.6509522595414716, "H1": 0.0, "H2": 0.0, "H3": 0.0, "H4": 0.0, "H5": 0.0, "H6": 0.0, "H7": 0.0, "H8": 0.0, "H9": 0.0, "H10": 0.0, "H11": 0.0, "H12": 0.0, "H13": 0.0, "H14": 0.0, "H15": 0.0, "H16": 0.0, "H17": 0.0, "H18": 0.0, "H19": 0.0, "H20": 0.0, "H21": 0.0, "H22": 0.0, "H23": 0.0, "H24": 0.0}