{"O1": 0.6902746720393582, "O2": 0.5622462058568852, "O3": 0.6929373745327913, "O4": 0.7526279360744961, "O5": 0.7808683770809542, "O6": 0.6843650410231337, "O7": 0.5812117074512637, "O8": 0.6650079152606677, "O9": 0.672474088690997, "O10": 0.7630831780074834, "O11": 0.6155951064845913, "O12": 0.5563184259244255, "O13": 0.5761052369149097, "O14": 0.6322790182830171, "O15": 0.7133664540330877, "O16": 0.7109696923788305, "O17": 0.7554975841356273, "O18": 0.7872498333140305, "O19": 0.6584660422516861, "O20": 0.6406521139431741, "O21": 0.7397802766754739, "O22": 0.7261936850869296, "O23": 0.5733664845655889, "O24": 0.6612824558936635, "O25": 0.5180805536117984, "O26": 0.6786809273607746, "O27": 0.7000814196956332, "O28": 0.6365512434861312, "O29": 0.64107187018666, "O30": 0.5716505115638972, "O31": 0.6316217330845756, "O32": 0.7934171218253945, "O33": 0.5671342680656078, "O34": 0.6201165690891692, "O35": 0.6900213238757242, "O36": 0.7260369942738786, "O37": 0.7348590971690376, "O38": 0.7523765124165867, "O39": 0.5019804298548879, "O40": 0.6414607131206349, "O41": 0.6517120976616871, "O42": 0.5373604716213034, "O43": 0.7381434881282208, "O44": 0.7528494134404099, "O45": 0.731061004037294, "O46": 0.7290138003431383, "O47": 0.6768317683420066, "O48": 0.5715748571123482, "O49": 0.5720274852310004, "O50": 0.671536565666157, "O51": 0.44712458641724534, "O52": 0.7476322593183784, "O53": 0.6725878635232311, "O54": 0.5150113695578388, "O55": 0.6689815328231343, "O56": 0.5566509693874103, "O57": 0.6037496344232911, "O58": 0.5022980557610741, "O59": 0.6990951223918838, "O60": 0.562699508554882, "O61": 0.48409554212579853, "O62": 0.7067983218768643, "O63": 0.5690080072804569, "O64": 0.7382394109442783, "O65": 0.6971443631302635, "O66": 0.5461715259575826, "O67": 0.6065295548748362, "O68": 0.5314415823690793, "O69": 0.6301604678906144, "O70": 0.507469510736845, "O71": 0.6846100062204841, "O72": 0.5021841768516743, "O73": 0.5060250080438201, "O74": 0.6908547291596359, "O75": 0.5634979042838371, "O76": 0.6506055634563916, "O77": 0.5511689360721539, "O78": 0.69203646793236, "O79": 0.5227926320715833, "O80": 0.6934318774723659, "O81": 0.5436147301343944, "O82": 0.608555136743269, "O83": 0.49396168420870545, "O84": 0.7048682946204963, "O85": 0.7044834410358097, "O86": 0.5070515651431353, "O87": 0.756406026767312, "O88": 0.5540906104288643, "O89": 0.5451474035314257, "O90": 0.6911960011463376, "O91": 0.508395766767878, "O92": 0.692149281849882, "O93": 0.7445370660136207, "O94": 0.6031035077385722, "O95": 0.6464981082162028, "O96": 0.5193471091687123, "O97": 0.7114789655784838, "O98": 0.5246992491266071, "O99": 0.6942917473697707, "O100": 0.55800088114041, "O101": 0.5890850148475045, "O102": 0.6484100358892617, "O103": 0.4645017646943238, "O104": 0.7052880338432539, "O105": 0.7239098197376268, "O106": 0.5650791301229146, "O107": 0.6780655242556538, "O108": 0.5707971487483267, "O109": 0.4912597290398715, "O110": 0.6787187433121211, "O111": 0.5416081985963329, "O112": 0.6462946343900121, "O113": 0.6601357368394678, "O114": 0.6083692995650783, "O115": 0.6603484278146413, "O116": 0.48526142756011825, "O117": 0.5619157275330557, "O118": 0.7481613945028757, "O119": 0.500488937465357, "O120": 0.7164313731980614, "O121": 0.49202730737310507, "O122": 0.6390535032092421, "O123": 0.5371609519660189, "O124": 0.764574273800666, "O125": 0.6484259885712846, "O126": 0.5314381603327596, "O127": 0.6739669202508259, "O128": 0.5452057501541562, "O129": 0.5434675628661882, "O130": 0.6264526012760137, "O131": 0.5323580100598437, "O132": 0.7207640892489471, "O133": 0.5749500116066596, "O134": 0.6633088820650479, "O135": 0.48676359433805777, "O136": 0.6821354694108829, "O137": 0.6483920492589134, "O138": 0.5471440725304484, "O139": 0.6924413610241282, "O140": 0.5723111044742398, "O141": 0.710022988237935, "O142": 0.5075145332731654, "O143": 0.6262724404585612, "O144": 0.48815041931414443, "O145": 0.759938507670178, "O146": 0.6695300515789634, "O147": 0.5417241127333168, "O148": 0.6440317666322536, "O149": 0.6270469561536175, "O150": 0.5904361765557607, "O151": 0.6793368302028908, "O152": 0.8258999139544317, "O153": 0.714114951081282, "O154": 0.7730340188807855, "O155": 0.6026868942832087, "O156": 0.6614879783822973, "O157": 0.5207879241953667, "O158": 0.6377341171496959, "O159": 0.747560181618611, "O160": 0.6248619999680246, "O161": 0.7102166172797177, "O162": 0.718944807754251, "O163": 0.7046307526713381, "O164": 0.5036618149216351, "O165": 0.6493628700296561, "O166": 0.5621193211822334, "O167": 0.7324861351342039, "O168": 0.7862711694608233, "O169": 0.5308411696367471, "O170": 0.6761952651083639, "O171": 0.6820108774238691, "O172": 0.7374721268492256, "O173": 0.7301085320270362, "O174": 0.7606816274317411, "O175": 0.5096631770603237, "O176": 0.6097238668509684, "O177": 0.5465066851345376, "O178": 0.6400978543016155, "O179": 0.8164316659293931, "O180": 0.6423708836923939, "O181": 0.6960036407228883, "O182": 0.5736086780794121, "O183": 0.6538939916325095, "O184": 0.7619513323651006, "O185": 0.7675268316490966, "O186": 0.7214210609901441, "O187": 0.603566218633536, "O188": 0.6573278841819217, "O189": 0.7572600135877531, "O190": 0.762431094613699, "O191": 0.6419179839566606, "O192": 0.5676079563367921, "Mn1": 0.7353104363962344, "Cl1": 0.16399339648163128, "Mn2": 0.8806031835584498, "Cl2": 0.2719846052098804, "Mn3": 0.6610503919970271, "Cl3": 0.16110535551739863, "Mn4": 0.9414467018170772, "Cl4": 0.3173381482284364, "Mn5": 0.9492737963018117, "Cl5": 0.24981375045154436, "Mn6": 0.6560978869985521, "Cl6": 0.17249056275582703, "Mn7": 0.8443775266863609, "Cl7": 0.2199485135387894, "Mn8": 0.7169584544114596, "Cl8": 0.15114824418400222, "Mn9": 0.752137513990555, "Cl9": 0.16724735284374095, "Mn10": 0.8930681757368757, "Cl10": 0.24233671840029647, "Mn11": 0.757495465004351, "Cl11": 0.18632307307889973, "Mn12": 0.755293525049395, "Cl12": 0.14830382041601062, "Mn13": 0.7047467280232032, "Cl13": 0.2377226190674821, "Mn14": 0.7768785112652014, "Cl14": 0.2445479533430149, "Mn15": 0.8519280192031654, "Cl15": 0.2873643656081267, "Mn16": 0.788255193114888, "Cl16": 0.260487990915229, "Mn17": 0.8423564868949165, "Cl17": 0.24173497011663095, "Mn18": 0.9452973141464683, "Cl18": 0.30779420380453243, "Mn19": 0.7030013816133763, "Cl19": 0.08080126808921648, "Mn20": 0.8227815152203249, "Cl20": 0.22345843918524164, "Mn21": 0.9227125260895886, "Cl21": 0.3159128485405536, "Mn22": 0.8473720473000073, "Cl22": 0.2507118817784214, "Mn23": 0.7367479346013793, "Cl23": 0.22205901676369783, "Mn24": 0.718986909303048, "Cl24": 0.22061291362183996, "Mn25": 0.7751233981698681, "Cl25": 0.25641518006725844, "Mn26": 0.7724151573320307, "Cl26": 0.1615399039600061, "Mn27": 0.8315881520641792, "Cl27": 0.24873430413328643, "Mn28": 0.7854978194361486, "Cl28": 0.18668201090860456, "Mn29": 0.7189977217299939, "Cl29": 0.2570016723066352, "Mn30": 0.7903196552512471, "Cl30": 0.2270594056109645, "Mn31": 0.7232506499968696, "Cl31": 0.18994085763382876, "Mn32": 0.9666065888520101, "Cl32": 0.23216330169551594, "Mn33": 0.653543043622876, "Cl33": 0.2049427337564623, "Mn34": 0.7972464620850984, "Cl34": 0.250045812648672, "Mn35": 0.8041598187354503, "Cl35": 0.18331132916319534, "Mn36": 1.0, "Cl36": 0.3233715194664136, "Mn37": 0.8196759577356274, "Cl37": 0.2461802360911568, "Mn38": 0.9602499061004809, "Cl38": 0.31124303891278987, "Mn39": 0.68367490533815, "Cl39": 0.15466703313352204, "Mn40": 0.8456344716750391, "Cl40": 0.1877275144101366, "Mn41": 0.9054610050087214, "Cl41": 0.2855114984235342, "Mn42": 0.6749573157127277, "Cl42": 0.1808780824621696, "Mn43": 0.7385190443727098, "Cl43": 0.21270655083138643, "Mn44": 0.7361529255126061, "Cl44": 0.28953645401753114, "Mn45": 0.779193893316168, "Cl45": 0.23105324208137407, "Mn46": 0.7167988067743819, "Cl46": 0.1519422412274454, "Mn47": 0.9247336750488699, "Cl47": 0.1485403275934657, "Mn48": 0.6723665252853338, "Cl48": 0.13146037162276314, "C1": 0.47089654944907067, "C2": 0.5481037562406095,