{"O1": 0.7982143361568228, "O2": 0.6605958938892686, "O3": 0.8108878417795902, "O4": 0.9064966801575877, "O5": 0.9283939810959643, "O6": 0.8252527093303077, "O7": 0.6838894769046518, "O8": 0.7758693663113588, "O9": 0.7747453822418764, "O10": 0.8918483529348084, "O11": 0.717936353528484, "O12": 0.6353395662916593, "O13": 0.6715838647383365, "O14": 0.7284990568720446, "O15": 0.847035450860544, "O16": 0.8473962678095298, "O17": 0.8537672402488685, "O18": 0.9274332941774229, "O19": 0.7507054864504153, "O20": 0.7403128997760481, "O21": 0.8822820956102478, "O22": 0.8581787525197535, "O23": 0.6850705244154445, "O24": 0.7764302100982183, "O25": 0.6149473139071016, "O26": 0.7868853411101436, "O27": 0.835961068521591, "O28": 0.7801533340015729, "O29": 0.7794727829210382, "O30": 0.6722544947973861, "O31": 0.7547467233894773, "O32": 0.939579207065968, "O33": 0.6860087442584348, "O34": 0.730330034851238, "O35": 0.8244011925689944, "O36": 0.8843510577936119, "O37": 0.8699485890790628, "O38": 0.9065345303614192, "O39": 0.6173710832969138, "O40": 0.7532655286484656, "O41": 0.8170940402955379, "O42": 0.5989704888372115, "O43": 0.8171567123123347, "O44": 0.8803146216876625, "O45": 0.8182229344360034, "O46": 0.8577542024270375, "O47": 0.7871637200278623, "O48": 0.6591915258420032, "O49": 0.6721977438525558, "O50": 0.8141095949928786, "O51": 0.5079600511679626, "O52": 0.8811000304617711, "O53": 0.7878026124207612, "O54": 0.602335001451468, "O55": 0.8014198804013596, "O56": 0.648363862269623, "O57": 0.7327939708959027, "O58": 0.6173232667732367, "O59": 0.8361095491947943, "O60": 0.6605276521030369, "O61": 0.5939148208606492, "O62": 0.8480242406306636, "O63": 0.6595779484648798, "O64": 0.8563653464831338, "O65": 0.8364032233712538, "O66": 0.6630158328710567, "O67": 0.7454498301140151, "O68": 0.6390846140214145, "O69": 0.7418923491600954, "O70": 0.5903960212232509, "O71": 0.825215831405897, "O72": 0.6042660522624954, "O73": 0.6036878399943466, "O74": 0.8504244452859268, "O75": 0.634258742308869, "O76": 0.764963188882857, "O77": 0.649189146891286, "O78": 0.8110234674352792, "O79": 0.5880892245173203, "O80": 0.8369621140502069, "O81": 0.6503263836847869, "O82": 0.7320705336353143, "O83": 0.5662808205628846, "O84": 0.809091719008269, "O85": 0.7960752979804406, "O86": 0.5904589402263553, "O87": 0.8667048383356984, "O88": 0.6356749494903116, "O89": 0.6762443661147677, "O90": 0.8372987107546954, "O91": 0.5771822211316804, "O92": 0.8110064840304206, "O93": 0.8946403500169086, "O94": 0.7198168828416466, "O95": 0.7655815396751559, "O96": 0.5755335674387483, "O97": 0.8342452417834284, "O98": 0.5878021956642608, "O99": 0.8237583079612308, "O100": 0.6481606417953416, "O101": 0.6827042014526293, "O102": 0.7914424278293986, "O103": 0.5445671042182457, "O104": 0.8351772464723878, "O105": 0.845448215417755, "O106": 0.6732437737262886, "O107": 0.8131267025495965, "O108": 0.6723829630440912, "O109": 0.5928362989059487, "O110": 0.8261027228932062, "O111": 0.6244797375298986, "O112": 0.7525378130990464, "O113": 0.8027515577137486, "O114": 0.7320985102192703, "O115": 0.7896451802212928, "O116": 0.5806649461139174, "O117": 0.6737200035044394, "O118": 0.8940947308289128, "O119": 0.565298184846421, "O120": 0.8334996888811377, "O121": 0.6057951032008714, "O122": 0.7797766350013785, "O123": 0.6120748834727371, "O124": 0.8916238781173872, "O125": 0.7391425932834808, "O126": 0.6129364127003627, "O127": 0.7875950043592564, "O128": 0.6370125076787916, "O129": 0.6372741805209353, "O130": 0.7816736192016817, "O131": 0.6127979352796055, "O132": 0.8328474265322613, "O133": 0.6717577764288769, "O134": 0.7891995030016382, "O135": 0.554290088144958, "O136": 0.8255883569009573, "O137": 0.7652964191136781, "O138": 0.6367207057948944, "O139": 0.8240368716450639, "O140": 0.672155046811806, "O141": 0.8606131462316469, "O142": 0.6165379598583738, "O143": 0.7555520247598174, "O144": 0.5933043853536338, "O145": 0.9053961209368521, "O146": 0.8144116626973383, "O147": 0.6506110038935361, "O148": 0.765952831432055, "O149": 0.7554354264366024, "O150": 0.6825007928056769, "O151": 0.7998609574272002, "O152": 0.9608378495103481, "O153": 0.820774052989691, "O154": 0.8903503182690032, "O155": 0.7068052430567163, "O156": 0.7502505535317664, "O157": 0.6145397367948752, "O158": 0.7407521853004571, "O159": 0.8811108812927969, "O160": 0.7688387156868675, "O161": 0.7952122054169181, "O162": 0.8331213075821757, "O163": 0.8091274794107267, "O164": 0.5778948869317085, "O165": 0.791298984818778, "O166": 0.6475406373122791, "O167": 0.818008390176511, "O168": 0.9275806256840706, "O169": 0.652249360514069, "O170": 0.7741851832253545, "O171": 0.812532755174688, "O172": 0.9087782891087162, "O173": 0.8706637559032029, "O174": 0.9183586073113806, "O175": 0.6162144954478167, "O176": 0.7188202306414234, "O177": 0.6629653768269862, "O178": 0.7534706982197094, "O179": 0.9361145164609773, "O180": 0.7792772248483371, "O181": 0.8365749517439679, "O182": 0.6458109890203484, "O183": 0.7644681373121852, "O184": 0.892018744968026, "O185": 0.9173281061363872, "O186": 0.8458228819334819, "O187": 0.706672866469044, "O188": 0.7639511870219368, "O189": 0.8665762761491004, "O190": 0.8919465198677664, "O191": 0.7401223312415142, "O192": 0.6728630753129167, "Mn1": 0.739137060448331, "Cl1": 0.26294773730171234, "Mn2": 0.8741564769936231, "Cl2": 0.33821086772970244, "Mn3": 0.6587959216262524, "Cl3": 0.21108508019705363, "Mn4": 0.943443028716353, "Cl4": 0.43597805141996265, "Mn5": 0.942264710318948, "Cl5": 0.3153998298797877, "Mn6": 0.6595414891883058, "Cl6": 0.24859418569161604, "Mn7": 0.8403869403595421, "Cl7": 0.2937471314452077, "Mn8": 0.7157511160280137, "Cl8": 0.23873277532649034, "Mn9": 0.7496782111082606, "Cl9": 0.23630915875298503, "Mn10": 0.898428669613408, "Cl10": 0.34267416513080734, "Mn11": 0.7488716062736999, "Cl11": 0.18113999960622992, "Mn12": 0.7492030940772476, "Cl12": 0.23916098490826782, "Mn13": 0.7045151541265439, "Cl13": 0.30414571318124034, "Mn14": 0.7721023306429784, "Cl14": 0.31619256154056985, "Mn15": 0.8523246208407542, "Cl15": 0.37511861910917066, "Mn16": 0.7965383613363857, "Cl16": 0.3791646833055286, "Mn17": 0.8406911948147285, "Cl17": 0.2643186049794466, "Mn18": 0.942863343961321, "Cl18": 0.3981917557301058, "Mn19": 0.6917035464848994, "Cl19": 0.1316538329202526, "Mn20": 0.8174893635738492, "Cl20": 0.30629309310771513, "Mn21": 0.9201146210894514, "Cl21": 0.39696954633003945, "Mn22": 0.8530104929126993, "Cl22": 0.3283389802667951, "Mn23": 0.7389206544007662, "Cl23": 0.29342940884935265, "Mn24": 0.7285201035207418, "Cl24": 0.2805727520711946, "Mn25": 0.7723665515558332, "Cl25": 0.32748038563596077, "Mn26": 0.7596999014359739, "Cl26": 0.19794530349931286, "Mn27": 0.829237939659651, "Cl27": 0.3155623335340229, "Mn28": 0.7838791078476088, "Cl28": 0.27260647154256656, "Mn29": 0.728518475779871, "Cl29": 0.36661516775631764, "Mn30": 0.7831532116850828, "Cl30": 0.27960227444066066, "Mn31": 0.714803866722052, "Cl31": 0.23289279853810393, "Mn32": 0.9658040871098017, "Cl32": 0.3442057071469528, "Mn33": 0.659926104316936, "Cl33": 0.29600615443508094, "Mn34": 0.7951847840077512, "Cl34": 0.32843925266175056, "Mn35": 0.7941440229252295, "Cl35": 0.23389083112584177, "Mn36": 1.0, "Cl36": 0.42199540820049253, "Mn37": 0.8179568851459416, "Cl37": 0.3290211901844394, "Mn38": 0.9667610445410939, "Cl38": 0.3976725559343703, "Mn39": 0.6815386641137847, "Cl39": 0.19897996970318071, "Mn40": 0.8401977154297069, "Cl40": 0.2724490777596233, "Mn41": 0.9096373676483214, "Cl41": 0.3884719145104769, "Mn42": 0.6697766825457928, "Cl42": 0.2342571406623928, "Mn43": 0.7386540252919119, "Cl43": 0.26868864555556393, "Mn44": 0.7390102291666376, "Cl44": 0.3747916252625289, "Mn45": 0.7717537648663678, "Cl45": 0.29207538646174824, "Mn46": 0.7157751499461218, "Cl46": 0.22553888596917807, "Mn47": 0.9198103501997537, "Cl47": 0.21297666379752703, "Mn48": 0.6701667092703165, "Cl48": 0.2024735823398766, "C1": 0.8573890086146231, "C2": 0.8196172470311363, "C3": 0.7456390758239491,