{"O1": 0.15358972276262606, "O2": 0.16324710855355698, "O3": 0.16462368905238678, "O4": 0.18336586481146133, "O5": 0.18274481393045716, "O6": 0.17103867673457326, "O7": 0.17152910504542823, "O8": 0.15223465008854675, "O9": 0.17106803167194568, "O10": 0.1778225501204267, "O11": 0.152108499078377, "O12": 0.15913362477857063, "O13": 0.16129955480392744, "O14": 0.1600543659187261, "O15": 0.18063101918244637, "O16": 0.18297308782468294, "O17": 0.1656768465060348, "O18": 0.17979540741617075, "O19": 0.1595070482407888, "O20": 0.17293360198608967, "O21": 0.17597719449599572, "O22": 0.16930351222656112, "O23": 0.17787977880654682, "O24": 0.15722041645496612, "O25": 0.16127685619368776, "O26": 0.15444774733427216, "O27": 0.17765274650870555, "O28": 0.1726600718774581, "O29": 0.1678644169141264, "O30": 0.16170372107374947, "O31": 0.16076814392840566, "O32": 0.17857571244996243, "O33": 0.17013221020614755, "O34": 0.15185328944803167, "O35": 0.1905704725139071, "O36": 0.181839839703753, "O37": 0.18186240043847496, "O38": 0.1785592402677916, "O39": 0.168895536354103, "O40": 0.1523519002964199, "O41": 0.15699890460702942, "O42": 0.1575319299903257, "O43": 0.1534182403532434, "O44": 0.17939149969893445, "O45": 0.16925132402940815, "O46": 0.17954810960156187, "O47": 0.15344791186557075, "O48": 0.1643792885867482, "O49": 0.16139998558743865, "O50": 0.17372558945196157, "O51": 0.15068951491368016, "O52": 0.18318072917116093, "O53": 0.17043361106046917, "O54": 0.1611026345492465, "O55": 0.17241512919149285, "O56": 0.1496720478996833, "O57": 0.17306127863107032, "O58": 0.16751207130416582, "O59": 0.18107953984039474, "O60": 0.16565366491828792, "O61": 0.16144924344717318, "O62": 0.18039631167596826, "O63": 0.15292294043118126, "O64": 0.16626983537414394, "O65": 0.1632653821063812, "O66": 0.1667086886285163, "O67": 0.17497301110872243, "O68": 0.17277398399297758, "O69": 0.171234939281282, "O70": 0.16158112819422946, "O71": 0.16385705258301142, "O72": 0.15588167516744633, "O73": 0.1733874378310128, "O74": 0.1854911250998618, "O75": 0.1610822558512594, "O76": 0.16209942637819513, "O77": 0.165299042814932, "O78": 0.15733666722254247, "O79": 0.16625870831149622, "O80": 0.17859469042445503, "O81": 0.16682411893982668, "O82": 0.17291910586415973, "O83": 0.14823524394641782, "O84": 0.1631578849468331, "O85": 0.17400169015121536, "O86": 0.15763849877152458, "O87": 0.16588074448032325, "O88": 0.1497935473598439, "O89": 0.16434719526404676, "O90": 0.17215819415872163, "O91": 0.15964234337789668, "O92": 0.17467336005841091, "O93": 0.16408693544570238, "O94": 0.16300011363415473, "O95": 0.17803329913667207, "O96": 0.1531988553623676, "O97": 0.1829430447263473, "O98": 0.15376797821713842, "O99": 0.1628957811303368, "O100": 0.1503492224603542, "O101": 0.15379046797523344, "O102": 0.1671753226100773, "O103": 0.16204529189615755, "O104": 0.18041322220082892, "O105": 0.1638605466638881, "O106": 0.15964115390136824, "O107": 0.18342525520813255, "O108": 0.1592740305736654, "O109": 0.1753633525542035, "O110": 0.17956916079687352, "O111": 0.1539812650609637, "O112": 0.1629676492616067, "O113": 0.17500719457007943, "O114": 0.1693806968026887, "O115": 0.18245266986626701, "O116": 0.1636438140219284, "O117": 0.15688490290641768, "O118": 0.17632937861434028, "O119": 0.15001276925425325, "O120": 0.1723395976498451, "O121": 0.16600647646223984, "O122": 0.18302511279505712, "O123": 0.15740727736478066, "O124": 0.17706156420866978, "O125": 0.1705905137432019, "O126": 0.15183339120981543, "O127": 0.16632824247976602, "O128": 0.16182678002152925, "O129": 0.16461469420713534, "O130": 0.17814846483076027, "O131": 0.15899061566429085, "O132": 0.1576760231689437, "O133": 0.16415109521408455, "O134": 0.17155725461425375, "O135": 0.1689664906741002, "O136": 0.17993909431404287, "O137": 0.1708666638340829, "O138": 0.1593074990837395, "O139": 0.16278263433181483, "O140": 0.16409444699344677, "O141": 0.16760618904660773, "O142": 0.1608602227234311, "O143": 0.17140081109810135, "O144": 0.16021365141511743, "O145": 0.17828081405869495, "O146": 0.16930809541456038, "O147": 0.1669169579640804, "O148": 0.15770283979112698, "O149": 0.15529073296013318, "O150": 0.16015012587973912, "O151": 0.1669611683426208, "O152": 0.18599036870640967, "O153": 0.1689902612021498, "O154": 0.180641524307095, "O155": 0.1589633500689679, "O156": 0.16193999887904012, "O157": 0.16475136469607926, "O158": 0.1545411146366274, "O159": 0.17766178065142468, "O160": 0.17870932095469336, "O161": 0.16639089527055026, "O162": 0.17124183571894447, "O163": 0.14986251559096242, "O164": 0.16269128601269597, "O165": 0.1598503318577766, "O166": 0.16510020375982887, "O167": 0.1654285479032009, "O168": 0.17342496831387366, "O169": 0.16843857248308483, "O170": 0.15762817065872384, "O171": 0.17953707605613672, "O172": 0.17825992972248467, "O173": 0.1861581779287195, "O174": 0.17607926609832386, "O175": 0.17229510215107796, "O176": 0.1566550367392336, "O177": 0.16636022620070035, "O178": 0.16122260007485278, "O179": 0.182650301778564, "O180": 0.17142539403579327, "O181": 0.161429101719447, "O182": 0.15922381258655063, "O183": 0.17853759409914144, "O184": 0.17585894201356614, "O185": 0.18468749475041, "O186": 0.17444002630726718, "O187": 0.172642827647251, "O188": 0.16044422420066462, "O189": 0.1749288518849595, "O190": 0.17674556695698634, "O191": 0.1550132694217709, "O192": 0.1842354741515855, "Mn1": 0.13857975135487444, "Cl1": 0.15832103219650817, "Mn2": 0.13696196241709344, "Cl2": 0.1646557799092788, "Mn3": 0.13998709054430142, "Cl3": 0.1616643747491462, "Mn4": 0.1620229886254802, "Cl4": 0.18542499878792343, "Mn5": 0.14998676360162128, "Cl5": 0.170709330431098, "Mn6": 0.14454562542106394, "Cl6": 0.16287867218403707, "Mn7": 0.14289664771983238, "Cl7": 0.16135512901562654, "Mn8": 0.12584273507323127, "Cl8": 0.16075142320969227, "Mn9": 0.14835012353304314, "Cl9": 0.16991939370742043, "Mn10": 0.15325005551059098, "Cl10": 0.17704082746801503, "Mn11": 0.13420715562724525, "Cl11": 0.15090378866914508, "Mn12": 0.1379151644657257, "Cl12": 0.16324671952970887, "Mn13": 0.14389559693926013, "Cl13": 0.15967896314140576, "Mn14": 0.13043241272242362, "Cl14": 0.15362368631649587, "Mn15": 0.15249856130235734, "Cl15": 0.17873556433233365, "Mn16": 0.14248936736485449, "Cl16": 0.17415030753486488, "Mn17": 0.13646235991144345, "Cl17": 0.16367914574496492, "Mn18": 0.14748621443481533, "Cl18": 0.17180103073765426, "Mn19": 0.13747386788547802, "Cl19": 0.1542696378937497, "Mn20": 0.15321810505274297, "Cl20": 0.1728364188717385, "Mn21": 0.14455810406338487, "Cl21": 0.16731366825272195, "Mn22": 0.14439568803670333, "Cl22": 0.16247101284048737, "Mn23": 0.14809833879866152, "Cl23": 0.16818842635403736, "Mn24": 0.13917117180718455, "Cl24": 0.15281618563462607, "Mn25": 0.14609988197921253, "Cl25": 0.16853064563135173, "Mn26": 0.13109949751705907, "Cl26": 0.15703779423183264, "Mn27": 0.14371026715646834, "Cl27": 0.16528965033751655, "Mn28": 0.1389801891235423, "Cl28": 0.16613161394839848, "Mn29": 0.13994441678631106, "Cl29": 0.16507241836745415, "Mn30": 0.14589596728348797, "Cl30": 0.1644841616142524, "Mn31": 0.1399156071237046, "Cl31": 0.15883693991674122, "Mn32": 0.14612304711487567, "Cl32": 0.1753228837353581, "Mn33": 0.14801835488026518, "Cl33": 0.16610709171884452, "Mn34": 0.1372020760536952, "Cl34": 0.15650023190288592, "Mn35": 0.153429602202685, "Cl35": 0.17056874993944043, "Mn36": 0.14810335003495678, "Cl36": 0.171279602847163, "Mn37": 0.15557678855811732, "Cl37": 0.16911644347471588, "Mn38": 0.15166376702648324, "Cl38": 0.16983342092601605, "Mn39": 0.145680883644549, "Cl39": 0.15726018683197704, "Mn40": 0.12881196171033882, "Cl40": 0.15743490549878433, "Mn41": 0.12995541003587882, "Cl41": 0.15702914436857995, "Mn42": 0.13662521448550358, "Cl42": 0.16465972083381625, "Mn43": 0.14396434629560487, "Cl43": 0.16684832847088163, "Mn44": 0.14411563154652812, "Cl44": 0.17054813130444135, "Mn45": 0.14620435517867056, "Cl45": 0.1695814978561141, "Mn46": 0.15391676735081686,