{"O1": 0.18488255123554428, "O2": 0.1754710743551622, "O3": 0.17342256601609124, "O4": 0.17929461825193088, "O5": 0.187909985120478, "O6": 0.18398544957160504, "O7": 0.18482509206183642, "O8": 0.18578023219591008, "O9": 0.16666462410719243, "O10": 0.1808584079261299, "O11": 0.1854035091536023, "O12": 0.1855882353288981, "O13": 0.17915792401712294, "O14": 0.1934627526018091, "O15": 0.17406766313584288, "O16": 0.1639631774752076, "O17": 0.18609772440783795, "O18": 0.17627816743241403, "O19": 0.15969370502036065, "O20": 0.17492591850878814, "O21": 0.173317893754648, "O22": 0.1845044834644285, "O23": 0.17710126112176516, "O24": 0.1560351273594243, "O25": 0.17469365859184421, "O26": 0.15537113605773717, "O27": 0.17496973101257474, "O28": 0.17439248289616552, "O29": 0.16523831512036705, "O30": 0.18503755991098472, "O31": 0.16707087454157385, "O32": 0.1699961963182829, "O33": 0.18835167964838406, "O34": 0.17650422177744138, "O35": 0.16428196227002875, "O36": 0.17269669818059613, "O37": 0.1667206706141822, "O38": 0.17818799490107606, "O39": 0.18711961855771717, "O40": 0.17986017203575017, "O41": 0.17322623570679715, "O42": 0.1771145198742114, "O43": 0.18829279930937642, "O44": 0.16266651329871779, "O45": 0.18148696581651155, "O46": 0.15100638555918833, "O47": 0.18125416299653205, "O48": 0.19019626562377373, "O49": 0.18158245788291777, "O50": 0.19369853639220186, "O51": 0.1861587623212804, "O52": 0.18776307864182773, "O53": 0.18529546713526082, "O54": 0.1918333561175447, "O55": 0.1852574649487826, "O56": 0.1777359318286356, "O57": 0.19453954203767929, "O58": 0.17629737195371042, "O59": 0.18641955232614416, "O60": 0.19557927530287095, "O61": 0.19103362905469154, "O62": 0.18945645330756014, "O63": 0.19196091825975536, "O64": 0.18956985215986152, "O65": 0.17069213494690721, "O66": 0.20098565521583966, "O67": 0.19217877258492352, "O68": 0.1677182917365094, "O69": 0.1917660831695246, "O70": 0.16693398973058926, "O71": 0.17555448195963197, "O72": 0.19610614611015237, "O73": 0.18450812458712582, "O74": 0.19032079851574596, "O75": 0.19297671113007167, "O76": 0.1801091331292087, "O77": 0.18931017477883086, "O78": 0.1801173667717521, "O79": 0.1646379896198836, "O80": 0.17950499894664182, "O81": 0.1790126421046656, "O82": 0.18383578625487285, "O83": 0.1831978560658789, "O84": 0.17774674916038993, "O85": 0.1902428637198854, "O86": 0.16626347286109938, "O87": 0.17733372363079336, "O88": 0.18069383080891482, "O89": 0.18594480390721468, "O90": 0.17546991466087974, "O91": 0.16071649320438444, "O92": 0.19515898552500638, "O93": 0.17435293246609151, "O94": 0.18830393649756608, "O95": 0.2056134959099258, "O96": 0.16206494166342214, "O97": 0.1780103921816872, "O98": 0.18137776958107682, "O99": 0.19867911221831813, "O100": 0.1830832139374263, "O101": 0.16866733174140647, "O102": 0.1829230950299175, "O103": 0.18384295215651103, "O104": 0.17892665170904046, "O105": 0.197259058724444, "O106": 0.17777052968494378, "O107": 0.17281363958674617, "O108": 0.17179241553573965, "O109": 0.1859262478658441, "O110": 0.1898636507873995, "O111": 0.18211968632650208, "O112": 0.19852565254715449, "O113": 0.1734516007132314, "O114": 0.19345048132676795, "O115": 0.19400460958835655, "O116": 0.16501831361374522, "O117": 0.19119867367670995, "O118": 0.1774307897035074, "O119": 0.17367030543814607, "O120": 0.19300996173230642, "O121": 0.18168736894259493, "O122": 0.19200485436368855, "O123": 0.18349618121150885, "O124": 0.17862083789506392, "O125": 0.1881165009089628, "O126": 0.17302964487843944, "O127": 0.17830013222477237, "O128": 0.18752526170728712, "O129": 0.17372634145628277, "O130": 0.19078518268391953, "O131": 0.18091709970619552, "O132": 0.18141257253154366, "O133": 0.18708135369137643, "O134": 0.17178383149233023, "O135": 0.1806364699385343, "O136": 0.188270925351322, "O137": 0.188242992669658, "O138": 0.1742856321736793, "O139": 0.17196130687478847, "O140": 0.1947412794438544, "O141": 0.17254587858150003, "O142": 0.20315439829942603, "O143": 0.19609325659092816, "O144": 0.17288601828922429, "O145": 0.17508216129147638, "O146": 0.16092941714229503, "O147": 0.1859908710905339, "O148": 0.18149378406002936, "O149": 0.17611747458761606, "O150": 0.18149099249503667, "O151": 0.16190387496414876, "O152": 0.1822612433543604, "O153": 0.16438561807434796, "O154": 0.17755295094985923, "O155": 0.1848113311660025, "O156": 0.18394694793834998, "O157": 0.17968672588088683, "O158": 0.18360211465592408, "O159": 0.17071932676138366, "O160": 0.16131297007682563, "O161": 0.18356934042079126, "O162": 0.17031168409716832, "O163": 0.17527396119063857, "O164": 0.180867217049916, "O165": 0.17982318255013455, "O166": 0.18220859795263772, "O167": 0.18225408894434425, "O168": 0.15721967060921097, "O169": 0.18110017980625615, "O170": 0.1810777031491144, "O171": 0.16723056923647447, "O172": 0.1748160927653313, "O173": 0.1821255965185231, "O174": 0.17740912585451243, "O175": 0.1918136326077394, "O176": 0.1848858611872124, "O177": 0.17935882508284026, "O178": 0.16694813706003123, "O179": 0.1682808068832117, "O180": 0.18079658176887903, "O181": 0.1648201569343438, "O182": 0.178745297858765, "O183": 0.17994604311279938, "O184": 0.1789918904356463, "O185": 0.17313200969208198, "O186": 0.1923845149131118, "O187": 0.17936240747792817, "O188": 0.17050043504220347, "O189": 0.19705559975797626, "O190": 0.16972115126070106, "O191": 0.16243158341947567, "O192": 0.1793975962476114, "Co1": 0.15398183889971268, "Cl1": 0.1770512802352045, "Co2": 0.1580812477541094, "Cl2": 0.180690097730216, "Co3": 0.14741531125157104, "Cl3": 0.17855535760220811, "Co4": 0.15714724012090173, "Cl4": 0.1766928554527976, "Co5": 0.16198098263693905, "Cl5": 0.18269115105121028, "Co6": 0.14731185065389277, "Cl6": 0.187521239657013, "Co7": 0.16391538082083337, "Cl7": 0.1859060418000056, "Co8": 0.15639514232601373, "Cl8": 0.1879729857568328, "Co9": 0.16260302642429061, "Cl9": 0.17865356997387888, "Co10": 0.16645895431096627, "Cl10": 0.18756139358243934, "Co11": 0.1670862327475436, "Cl11": 0.1920358467904718, "Co12": 0.16933450719731796, "Cl12": 0.19462410238768799, "Co13": 0.1640248233646511, "Cl13": 0.18889499831521497, "Co14": 0.1627438432838047, "Cl14": 0.18070862539219076, "Co15": 0.1492100157298934, "Cl15": 0.171642199527098, "Co16": 0.15741982410587627, "Cl16": 0.1665454057037044, "Co17": 0.16608631680626645, "Cl17": 0.18609922568665002, "Co18": 0.14823368247606986, "Cl18": 0.17279529805822505, "Co19": 0.14087125509100332, "Cl19": 0.1614911243996757, "Co20": 0.16644673309527494, "Cl20": 0.18404947372391733, "Co21": 0.15859572670476618, "Cl21": 0.17349393819219253, "Co22": 0.16669936301586177, "Cl22": 0.18540559254756026, "Co23": 0.16346928862174062, "Cl23": 0.1898357552161905, "Co24": 0.14260731865863596, "Cl24": 0.1691880750054413, "Co25": 0.16375763648822986, "Cl25": 0.1758132036526711, "Co26": 0.1404441700096448, "Cl26": 0.17016678978978445, "Co27": 0.14494262818580977, "Cl27": 0.17454788415504394, "Co28": 0.1579627204210212, "Cl28": 0.17784264793123697, "Co29": 0.1551828987872757, "Cl29": 0.18015291453892174, "Co30": 0.17004881290814264, "Cl30": 0.18760483019466234, "Co31": 0.160915782584799, "Cl31": 0.1920053399352782, "Co32": 0.14716358957400077, "Cl32": 0.18541642017306642, "Co33": 0.15982371079411076, "Cl33": 0.184530244454703, "Co34": 0.151415298728431, "Cl34": 0.171877357901943, "Co35": 0.14441233261566433, "Cl35": 0.16200416184989233, "Co36": 0.15725045550745353, "Cl36": 0.17935313427890923, "Co37": 0.15250534545460212, "Cl37": 0.18881494425152331, "Co38": 0.16657447410578613, "Cl38": 0.18866135352043234, "Co39": 0.16294567476128433, "Cl39": 0.1869107683983877, "Co40": 0.1576776872608862, "Cl40": 0.19176173110761405, "Co41": 0.15762647067868965, "Cl41": 0.1772768064370455, "Co42": 0.1665326173047913, "Cl42": 0.1884606338176361, "Co43": 0.16713167243151328, "Cl43": 0.17736057236460542, "Co44": 0.14235526138454233, "Cl44": 0.16502189162681963, "Co45": 0.16614762143346967, "Cl45": 0.18161587329200846, "Co46": 0.1499308230597132,