{"O1": 0.15102554139167546, "O2": 0.15214155181248123, "O3": 0.14549357163387497, "O4": 0.15183098672907228, "O5": 0.1542043355002078, "O6": 0.15008989372197717, "O7": 0.15310264048507682, "O8": 0.14853105086518442, "O9": 0.15248930507391442, "O10": 0.15350892146759038, "O11": 0.1464798528346639, "O12": 0.14802051529703994, "O13": 0.15153302272950075, "O14": 0.14877641039537393, "O15": 0.15322465746012645, "O16": 0.1529539876843218, "O17": 0.14705231733249668, "O18": 0.1525461662722336, "O19": 0.14929488590575488, "O20": 0.1509240771515009, "O21": 0.15528364220316074, "O22": 0.14987747211043007, "O23": 0.14962408852039635, "O24": 0.14859200055320354, "O25": 0.14933144526105951, "O26": 0.14860413857139962, "O27": 0.154673212360068, "O28": 0.15195372824432674, "O29": 0.15112010528259592, "O30": 0.14841365586434002, "O31": 0.1456054719948985, "O32": 0.15755153314696504, "O33": 0.15157396425048464, "O34": 0.14873787101697963, "O35": 0.15696944371441818, "O36": 0.14696420355850426, "O37": 0.15465757356222773, "O38": 0.14748724138811775, "O39": 0.1519090177242823, "O40": 0.14883150143635937, "O41": 0.15366007755784214, "O42": 0.1494581982268608, "O43": 0.1453980403518799, "O44": 0.15200951120945191, "O45": 0.14667610245232798, "O46": 0.15322590764736338, "O47": 0.15114267370391818, "O48": 0.15169745365976722, "O49": 0.15321362028056393, "O50": 0.1521483964320856, "O51": 0.144990050797269, "O52": 0.15004772472351824, "O53": 0.1441564807286092, "O54": 0.1496530099984433, "O55": 0.153810408461001, "O56": 0.14872329217890906, "O57": 0.14857429534290822, "O58": 0.15401645807372671, "O59": 0.145989937510755, "O60": 0.15143408518543944, "O61": 0.15134342297509365, "O62": 0.14875698624682307, "O63": 0.14967994286382477, "O64": 0.1486031961445791, "O65": 0.148227738457318, "O66": 0.15502894652448937, "O67": 0.14992705204652818, "O68": 0.14647424121823238, "O69": 0.14923970159705077, "O70": 0.1460397595347564, "O71": 0.14772945329964415, "O72": 0.1544105705374615, "O73": 0.14953109860173008, "O74": 0.15102169468991625, "O75": 0.14472426854466153, "O76": 0.14682978564108357, "O77": 0.14924883358416305, "O78": 0.1536224425737799, "O79": 0.14874678103303593, "O80": 0.14906893372415014, "O81": 0.15299814208160828, "O82": 0.1458690160934733, "O83": 0.14933486217074501, "O84": 0.14797370080551542, "O85": 0.14487815896931278, "O86": 0.15183366461198924, "O87": 0.14868306297590853, "O88": 0.15051064536288314, "O89": 0.15248308246623465, "O90": 0.1509680096924784, "O91": 0.14820986108406511, "O92": 0.14714792537884644, "O93": 0.14616137137695348, "O94": 0.15495956466074096, "O95": 0.14921045823779783, "O96": 0.15003315871611989, "O97": 0.14902555484303906, "O98": 0.1468748471377992, "O99": 0.15416825766858366, "O100": 0.15263478256209836, "O101": 0.15179487460871524, "O102": 0.151997892094635, "O103": 0.14601689331840556, "O104": 0.14579089780443028, "O105": 0.14853071915285945, "O106": 0.15366062272816428, "O107": 0.14847741556009206, "O108": 0.1526670228286233, "O109": 0.1517884755915214, "O110": 0.14719819056124128, "O111": 0.14671184783782704, "O112": 0.1461602630449821, "O113": 0.14667043652495504, "O114": 0.1531819259545203, "O115": 0.14877308535880152, "O116": 0.14863992756944053, "O117": 0.1551108914992696, "O118": 0.1505411775645485, "O119": 0.150181421375809, "O120": 0.151240487935584, "O121": 0.1513739542866212, "O122": 0.14653989826179448, "O123": 0.1494683612242666, "O124": 0.1495519427600142, "O125": 0.14324185911506696, "O126": 0.15310212114955893, "O127": 0.1488977514095307, "O128": 0.1518991125654955, "O129": 0.1496790228018962, "O130": 0.14740670492620558, "O131": 0.14708434362314737, "O132": 0.15000656095262874, "O133": 0.1454272475813616, "O134": 0.15222999173989196, "O135": 0.14971782087319627, "O136": 0.14741211214600752, "O137": 0.1475942445825876, "O138": 0.14983224182490273, "O139": 0.14673750797203058, "O140": 0.1534029196566338, "O141": 0.14808542525274812, "O142": 0.1529872289889021, "O143": 0.1516698462191816, "O144": 0.14571729358087906, "O145": 0.15162217520717083, "O146": 0.1489835999408066, "O147": 0.15264018439594726, "O148": 0.14883911150442522, "O149": 0.1528106461857033, "O150": 0.15135604036683903, "O151": 0.1447210876141072, "O152": 0.15463259969432286, "O153": 0.1523857626713424, "O154": 0.15158607693098672, "O155": 0.14809451347611538, "O156": 0.14995375716724474, "O157": 0.15061060216860223, "O158": 0.14871530973728286, "O159": 0.15421660027081618, "O160": 0.1523911835551453, "O161": 0.14851092255559853, "O162": 0.14997524984913113, "O163": 0.14928337538570446, "O164": 0.14973095625605476, "O165": 0.1530435124236861, "O166": 0.15065603612120956, "O167": 0.1458152179767805, "O168": 0.1535798419767554, "O169": 0.1528405644548091, "O170": 0.14961033428887624, "O171": 0.1526887132414852, "O172": 0.14946621704457935, "O173": 0.15881360993667581, "O174": 0.14559717767842673, "O175": 0.14916942079969642, "O176": 0.14973167887430125, "O177": 0.14972321368697428, "O178": 0.14968968759025073, "O179": 0.1564972753391573, "O180": 0.15031009972999623, "O181": 0.15055843591349347, "O182": 0.14780085350302158, "O183": 0.14881446572716878, "O184": 0.1524622970771312, "O185": 0.15441110501888267, "O186": 0.14757015741823992, "O187": 0.150907751343513, "O188": 0.14838442688651282, "O189": 0.14821254219948762, "O190": 0.15194384573276154, "O191": 0.14932748721609393, "O192": 0.1500083914788989, "Mn1": 0.15235217206882742, "Cl1": 0.15804277382771692, "Mn2": 0.1471831548929276, "Cl2": 0.1517154812616028, "Mn3": 0.14305879964616192, "Cl3": 0.14527842868741425, "Mn4": 0.14328464706143382, "Cl4": 0.15431803156997403, "Mn5": 0.14119218370570685, "Cl5": 0.14861265701008, "Mn6": 0.14614800877271714, "Cl6": 0.15481599203888396, "Mn7": 0.15086713527004128, "Cl7": 0.15567224908786428, "Mn8": 0.14446077560652665, "Cl8": 0.15264287330627915, "Mn9": 0.1475912617396896, "Cl9": 0.15134445223321266, "Mn10": 0.14373124608157184, "Cl10": 0.15505908034162405, "Mn11": 0.14893672338374622, "Cl11": 0.1500048676077132, "Mn12": 0.1459886389242042, "Cl12": 0.15393740357529243, "Mn13": 0.14524291639214038, "Cl13": 0.15103887633228502, "Mn14": 0.15143297141506665, "Cl14": 0.15852701911400285, "Mn15": 0.1433109757687263, "Cl15": 0.15314830165456386, "Mn16": 0.14820259314683215, "Cl16": 0.15868996009661848, "Mn17": 0.14803258238379818, "Cl17": 0.15598068866987622, "Mn18": 0.14482431029560616, "Cl18": 0.15623300270608287, "Mn19": 0.14738010064018092, "Cl19": 0.15032426541139007, "Mn20": 0.14268234879267808, "Cl20": 0.1496279586759511, "Mn21": 0.14595025350793484, "Cl21": 0.15912305330359153, "Mn22": 0.15009173199194822, "Cl22": 0.1599496618130073, "Mn23": 0.14287240684248875, "Cl23": 0.15168172967187152, "Mn24": 0.14840859287130845, "Cl24": 0.15435749103901222, "Mn25": 0.14160636476066918, "Cl25": 0.1471876956660565, "Mn26": 0.14678417440324093, "Cl26": 0.1542432737483862, "Mn27": 0.14564048161599427, "Cl27": 0.15389855727708956, "Mn28": 0.14424740814973447, "Cl28": 0.15035943837313215, "Mn29": 0.1464498533426629, "Cl29": 0.15627920751314545, "Mn30": 0.14377146263453852, "Cl30": 0.15371545354129396, "Mn31": 0.1458947619218367, "Cl31": 0.14883632841782304, "Mn32": 0.14507899198246543, "Cl32": 0.1543510366052971, "Mn33": 0.14505287735312375, "Cl33": 0.15210773254034426, "Mn34": 0.1524098355827804, "Cl34": 0.1571801248432633, "Mn35": 0.14626142654155133, "Cl35": 0.15399368407090683, "Mn36": 0.143205814602884, "Cl36": 0.1501765239794603, "Mn37": 0.14804787089684546, "Cl37": 0.1595571322612037, "Mn38": 0.1437678708867257, "Cl38": 0.15700746217851066, "Mn39": 0.14602979117738726, "Cl39": 0.153294473271637, "Mn40": 0.14521677087743984, "Cl40": 0.1530505459326138, "Mn41": 0.14527622950185873, "Cl41": 0.15317903304386904, "Mn42": 0.15005137714692152, "Cl42": 0.15509011378712495, "Mn43": 0.14650422312340633, "Cl43": 0.14930369281924372, "Mn44": 0.1429579483434268, "Cl44": 0.15417387551194742, "Mn45": 0.14396371924814483, "Cl45": 0.14867328184566098, "Mn46": 0.14228510983195497,