{"O1": 0.05056413129838335, "O2": 0.010617423949943423, "O3": 0.11094502265747266, "O4": 0.5231010331807346, "O5": 0.10188533459511737, "O6": 0.46647332617767034, "O7": 0.2143422045609728, "O8": 0.12901828131071214, "O9": 0.15588344552103917, "O10": 0.20709573528668693, "O11": 0.1530890970079463, "O12": 0.273642877728265, "O13": 0.7535383765632926, "O14": 0.07185524862421433, "O15": 0.06115687814822717, "O16": 0.0515556333289062, "O17": 0.0844790107606389, "O18": 0.6228130858579087, "O19": 0.12130715482208941, "O20": 0.01402930368824489, "O21": 0.03720531142858096, "O22": 0.0945581033330424, "O23": 0.12674706011858133, "O24": 0.2309091483659717, "O25": 0.07951354304445697, "O26": 0.034856352251298885, "O27": 0.10935093767679602, "O28": 0.05286244916104446, "O29": 0.7706935348254751, "O30": 0.12241699890365182, "O31": 0.027166831700065567, "O32": 0.06601958559167835, "O33": 0.06656503546893991, "O34": 0.3008365837472226, "O35": 0.2620041284781749, "O36": 0.190048992130045, "O37": 0.01008042810230951, "O38": 0.12488818706596101, "O39": 0.07386221013171337, "O40": 0.535377995787244, "O41": 0.43089910445852564, "O42": 0.027511342990226093, "O43": 0.0, "O44": 0.180567640519466, "O45": 0.10117644120017116, "O46": 0.027886361590389076, "O47": 0.30551216357191474, "O48": 0.4056032173287158, "Co1": 0.0, "Cl1": 0.3378177060012833, "Co2": 0.0, "Cl2": 0.0, "Co3": 0.0, "Cl3": 0.14170105298608654, "Co4": 0.0, "Cl4": 0.9046861141970072, "Co5": 0.0, "Cl5": 0.3188464890201951, "Co6": 0.0, "Cl6": 0.22772792832309818, "Co7": 0.0, "Cl7": 0.36243964119437755, "Co8": 0.0, "Cl8": 0.08473938086836283, "Co9": 0.0, "Cl9": 0.0, "Co10": 0.0, "Cl10": 1.0656682417612395, "Co11": 0.0, "Cl11": 0.0, "Co12": 0.0, "Cl12": 0.16862823425419932, "C1": 0.0, "C2": 1.3725120428188493, "C3": 0.0, "C4": 0.4400314969266027, "C5": 0.04684711499506029, "C6": 0.9480597483435543, "C7": 0.15481889191120649, "C8": 1.1933082344648833, "C9": 0.01780329305783392, "C10": 0.9305720665455973, "C11": 0.13392171765708238, "C12": 1.2440892768259002, "C13": 0.041771513469770566, "C14": 0.702304097691647, "C15": 0.03860140067684214, "C16": 1.6122207708970968, "C17": 0.04255020516554149, "C18": 1.0368135764675328, "C19": 0.14125892496621104, "C20": 0.9638576607683023, "C21": 0.03162227493881047, "C22": 0.6390863175976625, "C23": 0.283507468749395, "C24": 0.8904080758946458, "C25": 0.17843389007987442, "C26": 1.694383576944286, "C27": 0.12358092332911955, "C28": 1.0720690062132145, "C29": 0.15679448438136026, "C30": 1.0207880851038456, "C31": 0.17816228172545262, "C32": 0.25047543027286656, "C33": 0.13513781731318136, "C34": 1.2594803897305427, "C35": 0.18551280512592266, "C36": 1.1207212752606632, "C37": 0.03677724738945941, "C38": 0.8083739488295384, "C39": 0.12286485001877394, "C40": 0.8196715802726585, "C41": 0.01292827152331424, "C42": 0.9022689550147727, "C43": 0.0, "C44": 0.5573550025354685, "C45": 0.6012063758791446, "C46": 0.6362106603462858, "C47": 0.05810994432682307, "C48": 0.8566088466164454, "C49": 2.4873538162474924, "C50": 2.0290789218201297, "C51": 1.4124963414494534, "C52": 1.959512595668413, "C53": 1.0166280051810486, "C54": 2.0290069995403788, "C55": 2.3753704393034787, "C56": 2.0991277082245055, "C57": 2.369963276542727, "C58": 2.490747754383864, "C59": 2.0271221262729657, "C60": 1.6282032886924813, "C61": 2.9376797634749163, "C62": 3.1330134156398564, "C63": 1.7021016768436914, "C64": 0.7935009901486617, "C65": 1.3833790873184035, "C66": 2.0534432032578356, "C67": 2.373208303365034, "C68": 1.7091198774314198, "C69": 2.6215154260110847, "C70": 2.7490201678448187, "C71": 1.6260463061373212, "C72": 3.680568887604842, "H1": 0.0, "H2": 0.0, "H3": 0.0, "H4": 0.0, "H5": 0.0, "H6": 0.0, "H7": 0.0, "H8": 0.0, "H9": 0.0, "H10": 0.0, "H11": 0.0, "H12": 0.0, "H13": 0.0, "H14": 0.0, "H15": 0.0, "H16": 0.0, "H17": 0.0, "H18": 0.0, "H19": 0.0, "H20": 0.0, "H21": 0.0, "H22": 0.0, "H23": 0.0, "H24": 0.0}