{"O1": 0.2915985633367968, "O2": 0.3010094379681944, "O3": 0.2703983812442548, "O4": 0.3384313229887518, "O5": 0.2988174207027334, "O6": 0.30382441090175644, "O7": 0.32426443182444203, "O8": 0.325629700842025, "O9": 0.2697332039852724, "O10": 0.29312628610294783, "O11": 0.30632792056726044, "O12": 0.2728284578196472, "O13": 0.2796427743094381, "O14": 0.3046914450532268, "O15": 0.2709999698528229, "O16": 0.22922475172757306, "O17": 0.3514599090488759, "O18": 0.2801984114193987, "O19": 0.27281831799091294, "O20": 0.31350575661672353, "O21": 0.28574989367624337, "O22": 0.3259745909112799, "O23": 0.326805561694238, "O24": 0.28478498340861336, "O25": 0.33168323527509447, "O26": 0.2511858193040798, "O27": 0.29457305176174137, "O28": 0.3001600073332306, "O29": 0.24370695924881453, "O30": 0.3563581120847448, "O31": 0.2924928002414956, "O32": 0.2672754433313992, "O33": 0.33981052218202845, "O34": 0.29225013729090615, "O35": 0.2556428867404291, "O36": 0.27168280101604625, "O37": 0.27974678033592, "O38": 0.29186096328348704, "O39": 0.35552676245786163, "O40": 0.28824612435235397, "O41": 0.2636672235220791, "O42": 0.29327086594450785, "O43": 0.29865911605922785, "O44": 0.31374057500050934, "O45": 0.3066492729866854, "O46": 0.2979191749504176, "O47": 0.2682277162481633, "O48": 0.3182828713041307, "O49": 0.25547747019412614, "O50": 0.3029384378248234, "O51": 0.2735361229610029, "O52": 0.27257518322179874, "O53": 0.30428861398798124, "O54": 0.27310008977885214, "O55": 0.3135938923164505, "O56": 0.2525681448682607, "O57": 0.30495681174374295, "O58": 0.28249417557170536, "O59": 0.2595068871760317, "O60": 0.3003299307774072, "O61": 0.28612942925804513, "O62": 0.2745594785173795, "O63": 0.30147061278600823, "O64": 0.2818251132208038, "O65": 0.22876981485504952, "O66": 0.3469203520689607, "O67": 0.31595306792218714, "O68": 0.2804357065512168, "O69": 0.31160302589101657, "O70": 0.2601377059097115, "O71": 0.24458384609585654, "O72": 0.32759367494054176, "O73": 0.29914421394400126, "O74": 0.29094915108238795, "O75": 0.3224767460542599, "O76": 0.29029420294272784, "O77": 0.3128159776273314, "O78": 0.2510036658449989, "O79": 0.2556314316815482, "O80": 0.2823692970389567, "O81": 0.32953791959578643, "O82": 0.32391202347154985, "O83": 0.3133028395461437, "O84": 0.2741838971226116, "O85": 0.3129236479805348, "O86": 0.2989625283556566, "O87": 0.25056834573905884, "O88": 0.32030997062562144, "O89": 0.2847463736822755, "O90": 0.25345160660900673, "O91": 0.23253827928483656, "O92": 0.30430539800683, "O93": 0.25258922208416346, "O94": 0.2917004623272082, "O95": 0.3653361297396861, "O96": 0.2441767195485159, "O97": 0.27345263312187007, "O98": 0.2717734488718294, "O99": 0.32380903296026214, "O100": 0.3007022971441803, "O101": 0.24789211370882824, "O102": 0.28983408146524164, "O103": 0.27886767238151333, "O104": 0.29246604744927945, "O105": 0.3162757660085218, "O106": 0.2872192728697132, "O107": 0.2733577191157542, "O108": 0.27923584977071036, "O109": 0.30024519503477204, "O110": 0.3154254018700743, "O111": 0.31129986890910466, "O112": 0.2801081084671505, "O113": 0.26433505437157756, "O114": 0.2801772364818524, "O115": 0.3236485049833317, "O116": 0.2324917052759913, "O117": 0.29613684677471247, "O118": 0.2641159660636911, "O119": 0.23099004383664976, "O120": 0.3308202751712918, "O121": 0.3284193606638366, "O122": 0.32934462719434876, "O123": 0.3411848600074072, "O124": 0.26023302738678433, "O125": 0.3436865901374774, "O126": 0.30717439271169295, "O127": 0.25968251856788216, "O128": 0.3234597556330326, "O129": 0.2585168607508994, "O130": 0.29304708675150554, "O131": 0.3076951930157969, "O132": 0.29175569719699507, "O133": 0.3105680197915112, "O134": 0.25561155160747706, "O135": 0.2438900146811073, "O136": 0.274948326626693, "O137": 0.3100116745573378, "O138": 0.2678269770883407, "O139": 0.23792006360247805, "O140": 0.325938632839722, "O141": 0.22502929858796156, "O142": 0.34321015729232446, "O143": 0.30215891763964653, "O144": 0.2659483497894509, "O145": 0.33539417718176295, "O146": 0.3054946491039848, "O147": 0.30517641292389663, "O148": 0.28183969640792617, "O149": 0.27911080044760994, "O150": 0.304490154065454, "O151": 0.26003356681029205, "O152": 0.3298455322939142, "O153": 0.2516036918268011, "O154": 0.25958069426623404, "O155": 0.30886382849812494, "O156": 0.28512155009560997, "O157": 0.28147676860094667, "O158": 0.301241977665509, "O159": 0.26245453611963454, "O160": 0.25665421848395137, "O161": 0.30057948338968393, "O162": 0.29976982320113665, "O163": 0.26223770996392726, "O164": 0.29308286392359106, "O165": 0.2706937500591983, "O166": 0.3064355797481561, "O167": 0.3385314857352059, "O168": 0.29827679290727527, "O169": 0.359743708365972, "O170": 0.28233270247026093, "O171": 0.25381702396122874, "O172": 0.3084591480139329, "O173": 0.3107273510629438, "O174": 0.28089735347490025, "O175": 0.3838806961455956, "O176": 0.3021442288374963, "O177": 0.31985375146526684, "O178": 0.25080100642100445, "O179": 0.283311373286236, "O180": 0.28451126500847246, "O181": 0.24579183072252256, "O182": 0.34003797231839833, "O183": 0.28958109580524244, "O184": 0.28570658424190515, "O185": 0.28159631927427986, "O186": 0.3432095549721841, "O187": 0.3111436261694621, "O188": 0.29681855693053294, "O189": 0.3130106780969532, "O190": 0.27355836895850444, "O191": 0.268073114303123, "O192": 0.31307015530287513, "Co1": 0.13630979178851416, "Cl1": 0.2019200025274952, "Co2": 0.1626374412412294, "Cl2": 0.2514716003442539, "Co3": 0.14545283484297108, "Cl3": 0.2201511240448258, "Co4": 0.16314769100410928, "Cl4": 0.28841827113157076, "Co5": 0.17172330963131952, "Cl5": 0.2901404736614486, "Co6": 0.14308256555884832, "Cl6": 0.2748225379500079, "Co7": 0.17065869400469622, "Cl7": 0.26699205918148916, "Co8": 0.1444016166222479, "Cl8": 0.25023544650321355, "Co9": 0.14188484438584315, "Cl9": 0.23191961633694325, "Co10": 0.13495257620767623, "Cl10": 0.20345113192089145, "Co11": 0.16217081919553414, "Cl11": 0.3286184364217645, "Co12": 0.1666521529127098, "Cl12": 0.2894684846205791, "Co13": 0.17411935504026355, "Cl13": 0.30407299159773915, "Co14": 0.1548099285257519, "Cl14": 0.30327864780720604, "Co15": 0.12502529072889426, "Cl15": 0.18350557989149074, "Co16": 0.14305818242347607, "Cl16": 0.23348944326801493, "Co17": 0.16876346834366177, "Cl17": 0.27987194368447216, "Co18": 0.14501307327039176, "Cl18": 0.22351571868403694, "Co19": 0.11276889281763791, "Cl19": 0.2055841548838487, "Co20": 0.16458808177198717, "Cl20": 0.27473989114757663, "Co21": 0.14317835680437765, "Cl21": 0.23062167484841187, "Co22": 0.17701353386144572, "Cl22": 0.2599508404240617, "Co23": 0.1746626467797773, "Cl23": 0.2926394551478162, "Co24": 0.12139384050486678, "Cl24": 0.26886226125944185, "Co25": 0.19587100657457426, "Cl25": 0.24199837193413484, "Co26": 0.1270859440929806, "Cl26": 0.2536113083992178, "Co27": 0.14381337396595678, "Cl27": 0.25690439327935594, "Co28": 0.17042344726411116, "Cl28": 0.2511697470969548, "Co29": 0.13700619805281689, "Cl29": 0.3342348716424654, "Co30": 0.19382971361543083, "Cl30": 0.2913087695471974, "Co31": 0.1735545878887734, "Cl31": 0.24201760975650138, "Co32": 0.1380995910641957, "Cl32": 0.2219350750867433, "Co33": 0.19336118674425354, "Cl33": 0.2993320693787463, "Co34": 0.1319020997335585, "Cl34": 0.27460664106902505, "Co35": 0.12182814617346396, "Cl35": 0.20278220025018312, "Co36": 0.15329952525887602, "Cl36": 0.2362982655583494, "Co37": 0.13948626234898226, "Cl37": 0.2682871407998768, "Co38": 0.16166716630370853, "Cl38": 0.21823075125504948, "Co39": 0.2075599782246604, "Cl39": 0.30843052676128696, "Co40": 0.15002920622339286, "Cl40": 0.3204590374414271, "Co41": 0.12364242122382081, "Cl41": 0.23711294983287345, "Co42": 0.17231588220425276, "Cl42": 0.2521479677006567, "Co43": 0.18235764279346597, "Cl43": 0.2874035482802435, "Co44": 0.14867245422616102, "Cl44": 0.22025789184488426, "Co45": 0.17720178511773155, "Cl45": 0.265176741069618, "Co46": 0.1473831566732798, "Cl46": 0.24775939519637002, "Co47": 0.1334297682392702,