{"O1": 0.2210036259734822, "O2": 0.2378118962985152, "O3": 0.2038518793034176, "O4": 0.2468050832426932, "O5": 0.21295994709027996, "O6": 0.22283669919774632, "O7": 0.24230600073833033, "O8": 0.265702854160837, "O9": 0.23191982453421175, "O10": 0.23672494621854132, "O11": 0.22726125098078634, "O12": 0.23135693915718103, "O13": 0.22515463434996819, "O14": 0.2579171706437712, "O15": 0.21638660514561087, "O16": 0.19650559610649185, "O17": 0.2362355072786736, "O18": 0.21498852486918507, "O19": 0.18032160998560995, "O20": 0.22701446011220616, "O21": 0.20901387309538463, "O22": 0.22803838219959222, "O23": 0.24141251284584828, "O24": 0.2148987248539245, "O25": 0.21135205236275723, "O26": 0.20270154459791323, "O27": 0.21088916407586197, "O28": 0.2151532485858253, "O29": 0.1879251327923212, "O30": 0.24063786380725438, "O31": 0.22728527096299617, "O32": 0.20518003981688185, "O33": 0.24554215266179408, "O34": 0.23056771695675196, "O35": 0.18710196417553288, "O36": 0.2350890105589013, "O37": 0.20732864142770788, "O38": 0.21295909970179142, "O39": 0.2525147473120192, "O40": 0.21012798892179757, "O41": 0.21428332912097744, "O42": 0.24501156221078704, "O43": 0.2274642676424057, "O44": 0.1984152484250086, "O45": 0.2290827185907303, "O46": 0.20229400454606206, "O47": 0.19750747717709352, "O48": 0.2484846655477796, "O49": 0.21139316087834154, "O50": 0.25348026247896827, "O51": 0.22496004454171334, "O52": 0.22658753965087947, "O53": 0.23631600224396462, "O54": 0.2370562627546257, "O55": 0.24956572437726796, "O56": 0.2265732711419195, "O57": 0.2567620435762436, "O58": 0.20803047157501395, "O59": 0.24815730982022818, "O60": 0.23958036385268, "O61": 0.21659010640525622, "O62": 0.2501545124497654, "O63": 0.2378125075316199, "O64": 0.24860172947980363, "O65": 0.21219651735305797, "O66": 0.2742366819855551, "O67": 0.24171141389030085, "O68": 0.202922686127041, "O69": 0.24678513355294276, "O70": 0.20830408229629524, "O71": 0.19582810042431376, "O72": 0.2533138161072209, "O73": 0.23620228330151177, "O74": 0.24642195171606432, "O75": 0.24671181594074792, "O76": 0.238891309480669, "O77": 0.24039829687084496, "O78": 0.19332450115987723, "O79": 0.214668373941157, "O80": 0.23099720347915623, "O81": 0.2148809434446808, "O82": 0.23733830012862653, "O83": 0.23894712344109445, "O84": 0.20776982712585373, "O85": 0.2480588575137942, "O86": 0.19743919956606498, "O87": 0.20837075254190998, "O88": 0.23471055794598245, "O89": 0.2428378890329973, "O90": 0.19992090472174487, "O91": 0.206852301132563, "O92": 0.2701413207863862, "O93": 0.1939202668219104, "O94": 0.2344912905266494, "O95": 0.26378319969156877, "O96": 0.19163028417301659, "O97": 0.22380525308339558, "O98": 0.23946373264690546, "O99": 0.2491252039548019, "O100": 0.24352206015522984, "O101": 0.20787926068726983, "O102": 0.2576497000732463, "O103": 0.21999544008254285, "O104": 0.23276086031516194, "O105": 0.24606803329978338, "O106": 0.23057096016986728, "O107": 0.24850729018567108, "O108": 0.22985145128872944, "O109": 0.24366274743358912, "O110": 0.24360295677810975, "O111": 0.2240664040032151, "O112": 0.24716761293308087, "O113": 0.20746722513453952, "O114": 0.22996544856568113, "O115": 0.2718242657484914, "O116": 0.20885749443476145, "O117": 0.23005979100673218, "O118": 0.21099254160221723, "O119": 0.17791957664392252, "O120": 0.25750113550119236, "O121": 0.22652121101392453, "O122": 0.2582187683076801, "O123": 0.2409564399004836, "O124": 0.21572232720179918, "O125": 0.2334720555799642, "O126": 0.20869059381273583, "O127": 0.21314303089864836, "O128": 0.23739486281788202, "O129": 0.21882208042161225, "O130": 0.23471588607011049, "O131": 0.24776647626289117, "O132": 0.22015791861094763, "O133": 0.24720566663362306, "O134": 0.20385929699358377, "O135": 0.2022797410175557, "O136": 0.24094479122317533, "O137": 0.24088699804751998, "O138": 0.21600470115106973, "O139": 0.2069667308774902, "O140": 0.26555017560877925, "O141": 0.20008649321657995, "O142": 0.2643126600847121, "O143": 0.22942761903800987, "O144": 0.20995577250302203, "O145": 0.22612620409126688, "O146": 0.22064243914531173, "O147": 0.2240644402385737, "O148": 0.2355766213639012, "O149": 0.22323571254465918, "O150": 0.22658395058434483, "O151": 0.20888373638620944, "O152": 0.24686582551962954, "O153": 0.19310315559261354, "O154": 0.22842980449135525, "O155": 0.25647961483537435, "O156": 0.22914142162595333, "O157": 0.24449117300181095, "O158": 0.22099287979884052, "O159": 0.2159862111217506, "O160": 0.21113133325259995, "O161": 0.20964167579294993, "O162": 0.20445306445126288, "O163": 0.21878097136769473, "O164": 0.2421845216919667, "O165": 0.2135998959409147, "O166": 0.24024580164420534, "O167": 0.2181098107773567, "O168": 0.19933740825339327, "O169": 0.25389135784570566, "O170": 0.19920142939326702, "O171": 0.19553752965930346, "O172": 0.2181441517719687, "O173": 0.22700605257931597, "O174": 0.23274422682746565, "O175": 0.2570277311539527, "O176": 0.22720531148187284, "O177": 0.2308643443509488, "O178": 0.18978807628742284, "O179": 0.21823202764957408, "O180": 0.24416495541602926, "O181": 0.18686852673992255, "O182": 0.23170493484500282, "O183": 0.21426572925026485, "O184": 0.19790422257657592, "O185": 0.21595948034666831, "O186": 0.24290233243639184, "O187": 0.22229162975550895, "O188": 0.20228533283617742, "O189": 0.22428649917880034, "O190": 0.19220110926218933, "O191": 0.21439945612468053, "O192": 0.24574299180379516, "Co1": 0.1646322709095882, "Cl1": 0.2060988126535842, "Co2": 0.19297780867589895, "Cl2": 0.22806778495208363, "Co3": 0.1647870938752327, "Cl3": 0.19788293938074225, "Co4": 0.18480192301156365, "Cl4": 0.25411974418649086, "Co5": 0.16210164854930378, "Cl5": 0.21463539730666806, "Co6": 0.17243732505722315, "Cl6": 0.23417143587819553, "Co7": 0.18384853877650098, "Cl7": 0.2334781279892838, "Co8": 0.18575064129024735, "Cl8": 0.25449535906091186, "Co9": 0.1639650051894922, "Cl9": 0.22307834706121327, "Co10": 0.17614208869198053, "Cl10": 0.23938230967699295, "Co11": 0.17992273513990809, "Cl11": 0.24705530600402198, "Co12": 0.19031235517689013, "Cl12": 0.24995842981835217, "Co13": 0.1928930196653805, "Cl13": 0.24479067572841787, "Co14": 0.17069797904568434, "Cl14": 0.22157348201279692, "Co15": 0.18811901090261582, "Cl15": 0.22890640202056858, "Co16": 0.17376089713211293, "Cl16": 0.22171425146621482, "Co17": 0.1830180661524044, "Cl17": 0.23813662829619942, "Co18": 0.15291369934483376, "Cl18": 0.21662361358682544, "Co19": 0.14102545227247917, "Cl19": 0.18958172448804558, "Co20": 0.2043055980062295, "Cl20": 0.23532930726078363, "Co21": 0.16002119549135885, "Cl21": 0.20380318974585762, "Co22": 0.17489680584651254, "Cl22": 0.23563045783272882, "Co23": 0.19751957867689188, "Cl23": 0.26130729230131006, "Co24": 0.15306705472249318, "Cl24": 0.22219883416702071, "Co25": 0.18703639551023735, "Cl25": 0.21654169374665122, "Co26": 0.1450668834861788, "Cl26": 0.19307609043931154, "Co27": 0.1542493606529823, "Cl27": 0.21757791059994833, "Co28": 0.17911792143853647, "Cl28": 0.23093303734198442, "Co29": 0.1485092241759138, "Cl29": 0.23307913657584847, "Co30": 0.19174149734426946, "Cl30": 0.24596131406550834, "Co31": 0.18013361534815547, "Cl31": 0.21996225516512055, "Co32": 0.15364174466606456, "Cl32": 0.19338053231556765, "Co33": 0.20144716346083333, "Cl33": 0.23857562921595188, "Co34": 0.14518313378639577, "Cl34": 0.21653548192481845, "Co35": 0.14933328942465046, "Cl35": 0.19342721711743244, "Co36": 0.17918218878762798, "Cl36": 0.22664620832576343, "Co37": 0.16339787830540847, "Cl37": 0.23181466111945445, "Co38": 0.18293881826901134, "Cl38": 0.2342461716431978, "Co39": 0.20754564700080355, "Cl39": 0.24745979878080127, "Co40": 0.15948953591548168, "Cl40": 0.2372434378245382, "Co41": 0.1582193979188053, "Cl41": 0.21234302176439762, "Co42": 0.203263780173979, "Cl42": 0.259726251798828, "Co43": 0.17409056447511853, "Cl43": 0.22724629635719434, "Co44": 0.14927387235888617, "Cl44": 0.19807180174747946, "Co45": 0.1881094569799214, "Cl45": 0.22861431815792635,