{"O1": 0.2612948532109481, "O2": 0.23458520644803596, "O3": 0.29527515180975666, "O4": 0.3005776380186547, "O5": 0.31167803285288265, "O6": 0.3164305932149135, "O7": 0.2620270739525163, "O8": 0.2569263457871333, "O9": 0.2728872030701755, "O10": 0.2959710168993809, "O11": 0.25794909342440736, "O12": 0.3013029141211309, "O13": 0.28184040720337394, "O14": 0.24548886242400766, "O15": 0.2998413917521014, "O16": 0.2991034926544622, "O17": 0.2955218499062496, "O18": 0.2909666342363611, "O19": 0.252234625855485, "O20": 0.28240983814350423, "O21": 0.3048948155983938, "O22": 0.29358529238164904, "O23": 0.2994978465751631, "O24": 0.2680557899052739, "O25": 0.27849410575808375, "O26": 0.26577601324758565, "O27": 0.3079988735014285, "O28": 0.3261577133933808, "O29": 0.2927065694112678, "O30": 0.2734343861259274, "O31": 0.3145677098267152, "O32": 0.28693335589848207, "O33": 0.2829016226193554, "O34": 0.2611282916405815, "O35": 0.3052635664682716, "O36": 0.31290968492839993, "O37": 0.3013776684087754, "O38": 0.32810617906056405, "O39": 0.2856708402150053, "O40": 0.2644452318444965, "O41": 0.32389858524371884, "O42": 0.21638474360206447, "O43": 0.2959005635206087, "O44": 0.2763646808058077, "O45": 0.3116374674229511, "O46": 0.27342199944434675, "O47": 0.27921622746331026, "O48": 0.23631913572871904, "O49": 0.26205848052077674, "O50": 0.31351390760350956, "O51": 0.2591069991255822, "O52": 0.3324385129782986, "O53": 0.30186436221035484, "O54": 0.30284140862353587, "O55": 0.3033319039447324, "O56": 0.25906992911311694, "O57": 0.2858565530534766, "O58": 0.27365835435699, "O59": 0.2975009798481118, "O60": 0.26945103323698055, "O61": 0.23796587851135564, "O62": 0.3292762520197973, "O63": 0.24074680824191105, "O64": 0.27325176272298624, "O65": 0.30737068507786464, "O66": 0.26734415383318305, "O67": 0.33088928554829106, "O68": 0.3120079429745035, "O69": 0.3040864449045093, "O70": 0.2907433134210136, "O71": 0.2841925877380127, "O72": 0.2526472059331559, "O73": 0.2533533646024558, "O74": 0.3540805240720887, "O75": 0.22236948897153563, "O76": 0.27533759025430465, "O77": 0.2413248054448185, "O78": 0.27420037434239247, "O79": 0.22100358537909248, "O80": 0.34025623072183797, "O81": 0.2648925700619106, "O82": 0.35421754043466863, "O83": 0.25015464890369477, "O84": 0.27804917776175225, "O85": 0.310002698701715, "O86": 0.2451685131730953, "O87": 0.2775697950290643, "O88": 0.2528846252395734, "O89": 0.2758379892944134, "O90": 0.2920502747629581, "O91": 0.27060082832088106, "O92": 0.29224721085918587, "O93": 0.28956189241062275, "O94": 0.25922926015985953, "O95": 0.2880359484249521, "O96": 0.2817904676513514, "O97": 0.3119862701089632, "O98": 0.24965251115161516, "O99": 0.29030525709282623, "O100": 0.2481175341420787, "O101": 0.2567607232046544, "O102": 0.31726670314460825, "O103": 0.2761442380120111, "O104": 0.31774801738293806, "O105": 0.2730049810657615, "O106": 0.2605567351161091, "O107": 0.32322866134178074, "O108": 0.25395096984033055, "O109": 0.24173055298169793, "O110": 0.3095735987116149, "O111": 0.2333291882559021, "O112": 0.2703131730808368, "O113": 0.2828625778783262, "O114": 0.27702001085635086, "O115": 0.29703327155633225, "O116": 0.30108971860527534, "O117": 0.257535365148302, "O118": 0.2825637214746226, "O119": 0.25034745669851377, "O120": 0.2882904762179491, "O121": 0.26990172567379045, "O122": 0.36698305923715363, "O123": 0.26373240329665354, "O124": 0.29584725173850285, "O125": 0.3182828992530691, "O126": 0.23356551537289438, "O127": 0.27637101627746613, "O128": 0.2570787540422202, "O129": 0.23717027570258936, "O130": 0.3669026664441387, "O131": 0.23161469742957858, "O132": 0.27489965768382385, "O133": 0.24266354734510084, "O134": 0.28436767965172716, "O135": 0.22835295095941294, "O136": 0.33668988638172737, "O137": 0.3029045075482428, "O138": 0.2922023202285879, "O139": 0.30381861209036626, "O140": 0.2305840327847846, "O141": 0.30799911722783885, "O142": 0.25811646745069095, "O143": 0.31641692833944235, "O144": 0.31296087866600525, "O145": 0.31435992785824374, "O146": 0.3130559051197343, "O147": 0.25343658443801564, "O148": 0.2589815225312909, "O149": 0.2763528348730413, "O150": 0.2516652001418609, "O151": 0.32051194398860894, "O152": 0.289584142558875, "O153": 0.2803071930442973, "O154": 0.29290767623699326, "O155": 0.26008118261557506, "O156": 0.2841527762423324, "O157": 0.31229143281559135, "O158": 0.2531796648932014, "O159": 0.3025474779981284, "O160": 0.3149065459857619, "O161": 0.29964314450478324, "O162": 0.2713962737386205, "O163": 0.25978899036307956, "O164": 0.23466078412328326, "O165": 0.29989605334247094, "O166": 0.24806608603714628, "O167": 0.31152055009434854, "O168": 0.28800806996415274, "O169": 0.2947048793386286, "O170": 0.2457400011754152, "O171": 0.3023091235165798, "O172": 0.32656204679341094, "O173": 0.313625375542778, "O174": 0.3149630152552777, "O175": 0.28820630177437334, "O176": 0.2677080317860203, "O177": 0.2765770918714696, "O178": 0.28317048526796335, "O179": 0.28636309082511824, "O180": 0.32175619048493226, "O181": 0.2916324062405397, "O182": 0.25397145726100734, "O183": 0.30241052544196895, "O184": 0.30105076700229344, "O185": 0.308641984739736, "O186": 0.2953106055463724, "O187": 0.3039742636930565, "O188": 0.2739869911768941, "O189": 0.30465823842504475, "O190": 0.2920675773954042, "O191": 0.26465508473554966, "O192": 0.27676354019787724, "Mn1": 0.12190488118108007, "Cl1": 0.2427724687783049, "Mn2": 0.1380793103814991, "Cl2": 0.21899339859337366, "Mn3": 0.16707316395390298, "Cl3": 0.26250185206750354, "Mn4": 0.18725460983604725, "Cl4": 0.3037477164086915, "Mn5": 0.18404445168087477, "Cl5": 0.25474481719088626, "Mn6": 0.15034775457676117, "Cl6": 0.2870799192484114, "Mn7": 0.13838810724983522, "Cl7": 0.23108729321923022, "Mn8": 0.1217023885748233, "Cl8": 0.2408322292814155, "Mn9": 0.12998527970941967, "Cl9": 0.24335625193934565, "Mn10": 0.1793192773338488, "Cl10": 0.27899601221540227, "Mn11": 0.12127925388497084, "Cl11": 0.16621266742526752, "Mn12": 0.1370109483298484, "Cl12": 0.267149391342631, "Mn13": 0.14627995087643586, "Cl13": 0.2559585067136949, "Mn14": 0.12147258590892275, "Cl14": 0.19094984346815727, "Mn15": 0.16506467408151332, "Cl15": 0.30381049611500444, "Mn16": 0.1476414507914637, "Cl16": 0.2807641415852807, "Mn17": 0.1315307101037986, "Cl17": 0.19495319984788945, "Mn18": 0.16224002821153527, "Cl18": 0.21368014033306504, "Mn19": 0.12294732435115119, "Cl19": 0.2031641975952335, "Mn20": 0.15947101190969043, "Cl20": 0.28568861289659386, "Mn21": 0.1610952145091429, "Cl21": 0.2406430306481773, "Mn22": 0.13708927176961816, "Cl22": 0.2275256171273133, "Mn23": 0.16497022728250238, "Cl23": 0.2643317967071162, "Mn24": 0.13779665304377278, "Cl24": 0.23640806888799018, "Mn25": 0.1642127363609322, "Cl25": 0.2418010217362998, "Mn26": 0.11750209964529615, "Cl26": 0.18065137585068683, "Mn27": 0.1542866198355689, "Cl27": 0.21767216813531, "Mn28": 0.14689518630918713, "Cl28": 0.24195476256572013, "Mn29": 0.13590140284497398, "Cl29": 0.27428354178994935, "Mn30": 0.17063831341245872, "Cl30": 0.24329332396382736, "Mn31": 0.14262234489222245, "Cl31": 0.22848069003387833, "Mn32": 0.1626618071389123, "Cl32": 0.29667149130469217, "Mn33": 0.13561614708865075, "Cl33": 0.2363916290831145, "Mn34": 0.13293442245599565, "Cl34": 0.20956019830455577, "Mn35": 0.12539668875173285, "Cl35": 0.18995439315349766, "Mn36": 0.18605827901870894, "Cl36": 0.2635091411332754, "Mn37": 0.13358357372380428, "Cl37": 0.225500772267098, "Mn38": 0.18772216628963204, "Cl38": 0.2809621936227279, "Mn39": 0.13289579773850577, "Cl39": 0.20741946061878203, "Mn40": 0.12322177036072825, "Cl40": 0.2414861501184442, "Mn41": 0.15839730630812318, "Cl41": 0.2739814274895949, "Mn42": 0.10948519119559219, "Cl42": 0.2023816436018141, "Mn43": 0.16264520929660467, "Cl43": 0.2536832209318794, "Mn44": 0.15028743747682924, "Cl44": 0.2655561275363138, "Mn45": 0.153964731502879, "Cl45": 0.2587060070097814, "Mn46": 0.15074702877252194, "Cl46": 0.25628068353391187, "Mn47": 0.15387705265660578,