{"C1": 0.17373189696265487, "H1": 0.0, "C2": 0.19488158975312422, "H2": 0.0, "O1": 0.11006682807420907, "C3": 0.17331893990909816, "H3": 0.0, "C4": 0.1953978129701809, "H4": 0.0, "O2": 0.11009635871713837, "C5": 0.1786737046373202, "H5": 0.0, "C6": 0.19687856023694308, "H6": 0.0, "O3": 0.10927953692190985, "C7": 0.17757846159262244, "H7": 0.0, "C8": 0.19721963413408858, "H8": 0.0, "O4": 0.1080443054237476, "C9": 0.17064900275653627, "H9": 0.0, "C10": 0.1934226211136539, "H10": 0.0, "O5": 0.11116714404498483, "C11": 0.1751451611202748, "H11": 0.0, "C12": 0.19448690066772145, "H12": 0.0, "O6": 0.10810264009465938, "C13": 0.18579387466232009, "H13": 0.0, "C14": 0.20445590159523505, "H14": 0.0, "O7": 0.10948041313109769, "C15": 0.17851387528485418, "H15": 0.0, "C16": 0.1988137834243755, "H16": 0.0, "O8": 0.10952976472682428, "C17": 0.17254557614149327, "H17": 0.0, "C18": 0.18886528756306142, "H18": 0.0, "O9": 0.10953650670631698, "C19": 0.17476965076129977, "H19": 0.0, "C20": 0.1900110209542889, "H20": 0.0, "O10": 0.11009028470116172, "C21": 0.18681141108374225, "H21": 0.0, "C22": 0.20142807523583237, "H22": 0.0, "O11": 0.11286693070795788, "C23": 0.180859637027911, "H23": 0.0, "C24": 0.20280163664680076, "H24": 0.0, "O12": 0.11175745282051934, "C25": 0.17655138104602944, "H25": 0.0, "C26": 0.19021988741994725, "H26": 0.0, "O13": 0.11066485114502901, "C27": 0.17500520234084202, "H27": 0.0, "C28": 0.191121983977964, "H28": 0.0, "O14": 0.1108627249130974, "C29": 0.18494079141974787, "H29": 0.0, "C30": 0.20563913874321327, "H30": 0.0, "O15": 0.11036047631280833, "C31": 0.18766562066397943, "H31": 0.0, "C32": 0.20301555315313666, "H32": 0.0, "O16": 0.11159526823572159, "Tb1": 0.10729428941955466, "Tb2": 0.10827977193425163, "S1": 0.16803991885413613, "N1": 0.11283179918330133, "C33": 0.17433681918558616, "C34": 0.1906778415602861, "C35": 0.14251581926437115, "C36": 0.13542580834897192, "C37": 0.20683778686356413, "H33": 0.0, "C38": 0.2245501613867292, "H34": 0.0, "C39": 0.14828690035067724, "O17": 0.16265473575509962, "S2": 0.16742555598933315, "N2": 0.11293389520640311, "C40": 0.17071426942678755, "C41": 0.19006595786404998, "C42": 0.14404377154971368, "C43": 0.1356036105607086, "C44": 0.20731140453961774, "H35": 0.0, "C45": 0.2272658863768545, "H36": 0.0, "C46": 0.14706780541685993, "O18": 0.16174619720529126, "S3": 0.1729677457112674, "N3": 0.1132425301254139, "C47": 0.17912471610364022, "C48": 0.19948332039983463, "C49": 0.1458689616152, "C50": 0.1342608347282367, "C51": 0.199555839755331, "H37": 0.0, "C52": 0.21401120633412798, "H38": 0.0, "C53": 0.1450222358596631, "O19": 0.1667242613689576, "S4": 0.17088219422488168, "N4": 0.11255847782493994, "C54": 0.17923614254394746, "C55": 0.19802319497299523, "C56": 0.14480911518654893, "C57": 0.13380150790508907, "C58": 0.19755219613485672, "H39": 0.0, "C59": 0.21259175064534871, "H40": 0.0, "C60": 0.14354908198824679, "O20": 0.16630421853020108, "S5": 0.16813269978032275, "N5": 0.11326960159639844, "C61": 0.17332382346978933, "C62": 0.1920480109703858, "C63": 0.14336363762785304, "C64": 0.13659046566631225, "C65": 0.2104086076204721, "H41": 0.0, "C66": 0.22335632516242332, "H42": 0.0, "C67": 0.14720480368939515, "O21": 0.16415848101183242, "S6": 0.165425746091654, "N6": 0.11256472513227339, "C68": 0.17388924573352282, "C69": 0.1883985873490008, "C70": 0.1417875039721694, "C71": 0.13593860168108582, "C72": 0.2087337095182402, "H43": 0.0, "C73": 0.2234988019632146, "H44": 0.0, "C74": 0.14850609284206906, "O22": 0.16060753454930607, "S7": 0.174001721341383, "N7": 0.1134291835552852, "C75": 0.18097608505201712, "C76": 0.19797812621479516, "C77": 0.14417133810794033, "C78": 0.1333512143972913, "C79": 0.19729952394389857, "H45": 0.0, "C80": 0.2105610543059546, "H46": 0.0, "C81": 0.14351107746816946, "O23": 0.16958655322962332, "S8": 0.17089965533834892, "N8": 0.11307039749097421, "C82": 0.17932775078836638, "C83": 0.20151444005332067, "C84": 0.1462074321126728, "C85": 0.13477340971102822, "C86": 0.1982948977399187, "H47": 0.0, "C87": 0.2128219421207962, "H48": 0.0, "C88": 0.14431155463812526, "O24": 0.1670211918395046}