{"C1": 3.3062467536809086, "H1": 0.0, "C2": 1.7653795907930212, "H2": 0.0, "O1": 0.0, "C3": 1.8175276200163009, "H3": 0.0, "C4": 0.7548543828474115, "H4": 0.0, "O2": 0.0, "C5": 3.5082935514061973, "H5": 0.0, "C6": 1.5971375054260348, "H6": 0.0, "O3": 0.0, "C7": 2.4073293328820027, "H7": 0.0, "C8": 1.1941167235664447, "H8": 0.0, "O4": 0.0, "C9": 4.252503924168042, "H9": 0.0, "C10": 1.6360023962261934, "H10": 0.0, "O5": 0.0, "C11": 1.5334064924168456, "H11": 0.0, "C12": 0.7675538217323854, "H12": 0.0, "O6": 0.0, "C13": 1.1159798455738597, "H13": 0.0, "C14": 0.39762378911561336, "H14": 0.0, "O7": 0.0, "C15": 3.876265989296867, "H15": 0.0, "C16": 1.6094470304526283, "H16": 0.0, "O8": 0.0, "C17": 2.6385274757344552, "H17": 0.0, "C18": 1.301647882544923, "H18": 0.0, "O9": 0.0, "C19": 2.191066185422569, "H19": 0.0, "C20": 0.6896062074145433, "H20": 0.0, "O10": 0.0, "C21": 2.7560605674314482, "H21": 0.0, "C22": 1.6611921517133799, "H22": 0.0, "O11": 0.0, "C23": 4.436763035811644, "H23": 0.0, "C24": 1.5152444999921024, "H24": 0.0, "O12": 0.0, "C25": 2.015852247394471, "H25": 0.0, "C26": 1.0992191528249327, "H26": 0.0, "O13": 0.0, "C27": 1.7559791425303894, "H27": 0.0, "C28": 0.575558486132479, "H28": 0.0, "O14": 0.0, "C29": 1.8466808811766846, "H29": 0.0, "C30": 0.6618463645907666, "H30": 0.0, "O15": 0.0, "C31": 1.9273014220146378, "H31": 0.0, "C32": 0.4769220510738553, "H32": 0.0, "O16": 0.0, "Tb1": 0.0, "Tb2": 0.0, "S1": 0.0, "N1": 0.0, "C33": 0.0, "C34": 0.0, "C35": 0.0, "C36": 0.0, "C37": 0.0, "H33": 0.0, "C38": 2.783029314998402, "H34": 0.0, "C39": 0.0, "O17": 0.04160116646047462, "S2": 0.0, "N2": 0.0, "C40": 0.010077348735491884, "C41": 0.0, "C42": 0.0, "C43": 0.0, "C44": 0.0, "H35": 0.0, "C45": 1.7782142265266743, "H36": 0.0, "C46": 0.0, "O18": 0.112915379378159, "S3": 0.0, "N3": 0.0, "C47": 0.1951302014485729, "C48": 0.0, "C49": 0.0, "C50": 0.0, "C51": 0.018421332857870582, "H37": 0.0, "C52": 1.9668578384584063, "H38": 0.0, "C53": 0.0, "O19": 0.16803259871915652, "S4": 0.0, "N4": 0.0, "C54": 0.0, "C55": 0.0, "C56": 0.0, "C57": 0.0, "C58": 0.0, "H39": 0.0, "C59": 1.6182377778454071, "H40": 0.0, "C60": 0.0, "O20": 0.008942305513545688, "S5": 0.0, "N5": 0.0, "C61": 0.00944620661041709, "C62": 0.0, "C63": 0.0, "C64": 0.0, "C65": 0.0, "H41": 0.0, "C66": 2.7327679907351037, "H42": 0.0, "C67": 0.0, "O21": 0.09810065541930388, "S6": 0.0, "N6": 0.0, "C68": 0.0, "C69": 0.0, "C70": 0.0, "C71": 0.0, "C72": 0.006152678441944635, "H43": 0.0, "C73": 2.1552944643203498, "H44": 0.0, "C74": 0.0, "O22": 0.0018496401371855425, "S7": 0.0, "N7": 0.0, "C75": 0.010957633762527718, "C76": 0.0, "C77": 0.0, "C78": 0.0, "C79": 0.08220110488073791, "H45": 0.0, "C80": 2.0184166396194456, "H46": 0.0, "C81": 0.0, "O23": 0.03664911872273384, "S8": 0.0, "N8": 0.0, "C82": 0.008113630758340392, "C83": 0.0, "C84": 0.0, "C85": 0.0, "C86": 0.0, "H47": 0.0, "C87": 1.884537875460212, "H48": 0.0, "C88": 0.0, "O24": 0.09724756913990837}