{"C1": 0.7411454308432094, "H1": 0.0, "C2": 0.8437508635849149, "H2": 0.0, "O1": 0.5282818463974092, "C3": 0.7801207356749718, "H3": 0.0, "C4": 0.8716696812889073, "H4": 0.0, "O2": 0.5131024400310835, "C5": 0.8559519911934576, "H5": 0.0, "C6": 0.9490698916369222, "H6": 0.0, "O3": 0.5507132392143268, "C7": 0.8299991239198464, "H7": 0.0, "C8": 0.911391482141763, "H8": 0.0, "O4": 0.5642801387490889, "C9": 0.7610361786605865, "H9": 0.0, "C10": 0.8622659313531496, "H10": 0.0, "O5": 0.5220216768389586, "C11": 0.7824344720163485, "H11": 0.0, "C12": 0.8666565279321278, "H12": 0.0, "O6": 0.519169039259946, "C13": 0.8220742172390475, "H13": 0.0, "C14": 0.9334553755918711, "H14": 0.0, "O7": 0.538114753853049, "C15": 0.8426745181798718, "H15": 0.0, "C16": 0.9346669278455753, "H16": 0.0, "O8": 0.5955715833209082, "C17": 0.7697972171725675, "H17": 0.0, "C18": 0.8742117689150956, "H18": 0.0, "O9": 0.5030464671173996, "C19": 0.7802110492753038, "H19": 0.0, "C20": 0.8785405289631708, "H20": 0.0, "O10": 0.5237565692291675, "C21": 0.8411198723686845, "H21": 0.0, "C22": 0.9343557524272117, "H22": 0.0, "O11": 0.5749597240483366, "C23": 0.8303927556906616, "H23": 0.0, "C24": 0.9421570325023906, "H24": 0.0, "O12": 0.5736317227616039, "C25": 0.7523840801928268, "H25": 0.0, "C26": 0.8907374793321462, "H26": 0.0, "O13": 0.49276610528978254, "C27": 0.7835452217192176, "H27": 0.0, "C28": 0.9080957444305038, "H28": 0.0, "O14": 0.4951083180063254, "C29": 0.837144007408532, "H29": 0.0, "C30": 0.9244146648772739, "H30": 0.0, "O15": 0.5897674207800391, "C31": 0.8279511959355782, "H31": 0.0, "C32": 0.9321727877845807, "H32": 0.0, "O16": 0.5692073227542828, "Tb1": 0.1224056141273565, "Tb2": 0.12646673649425855, "S1": 0.6228753760538341, "N1": 0.6534615178725993, "C33": 0.6276700506323794, "C34": 0.9086918457440737, "C35": 0.8774081062272368, "C36": 0.9849429939149994, "C37": 0.7168150786690063, "H33": 0.0, "C38": 0.7158713638552634, "H34": 0.0, "C39": 0.6762387569102493, "O17": 0.6537593861636892, "S2": 0.6180994137169574, "N2": 0.6431785276493114, "C40": 0.6478186038893797, "C41": 0.8980873737968348, "C42": 0.8775938165713606, "C43": 0.9810973652442581, "C44": 0.7259993706802202, "H35": 0.0, "C45": 0.7184529163376906, "H36": 0.0, "C46": 0.6756202624234174, "O18": 0.6327611862620383, "S3": 0.6899509904144558, "N3": 0.5877041730382441, "C47": 0.7129454103085318, "C48": 0.9564859603700809, "C49": 0.9452935428301203, "C50": 0.9479996045760617, "C51": 0.6627222472768219, "H37": 0.0, "C52": 0.6459776088020348, "H38": 0.0, "C53": 0.6080831695386827, "O19": 0.7093103547829229, "S4": 0.6864046045497117, "N4": 0.5833328505440538, "C54": 0.7088110989633898, "C55": 0.9438968824324154, "C56": 0.9074017537468471, "C57": 0.9450312830471231, "C58": 0.6504950711180175, "H39": 0.0, "C59": 0.6460610924769066, "H40": 0.0, "C60": 0.6074791243632561, "O20": 0.6991725743871402, "S5": 0.6202363668704058, "N5": 0.6475230579812284, "C61": 0.6537969828489243, "C62": 0.9214855967950984, "C63": 0.8942453387918481, "C64": 1.0, "C65": 0.7271676120133116, "H41": 0.0, "C66": 0.7167346030612367, "H42": 0.0, "C67": 0.6764797831482368, "O21": 0.6282756980602803, "S6": 0.6175126328026389, "N6": 0.6413287170513431, "C68": 0.6512325632618752, "C69": 0.9008025943869928, "C70": 0.8872057665564345, "C71": 0.9607634613912873, "C72": 0.714350430861383, "H43": 0.0, "C73": 0.7173483594520035, "H44": 0.0, "C74": 0.6763900862095619, "O22": 0.6369329018232593, "S7": 0.688661114478616, "N7": 0.585341116126218, "C75": 0.7185943945984732, "C76": 0.9512221177046357, "C77": 0.930467943152598, "C78": 0.9493444526077073, "C79": 0.6384024194444311, "H45": 0.0, "C80": 0.6446662582057533, "H46": 0.0, "C81": 0.6069178980499113, "O23": 0.6970741140620477, "S8": 0.6893357220324415, "N8": 0.581411298960909, "C82": 0.719150130350585, "C83": 0.9268405142108722, "C84": 0.9141073310256066, "C85": 0.9493146438843709, "C86": 0.6526460807838801, "H47": 0.0, "C87": 0.6473827931074442, "H48": 0.0, "C88": 0.6077813221657126, "O24": 0.7199134007638671}