{"C1": 1.5951432451212062, "H1": 0.0, "C2": 1.6172229210989397, "H2": 0.0, "O1": 1.2841242766482384, "C3": 1.5887110649985572, "H3": 0.0, "C4": 1.606212420281196, "H4": 0.0, "O2": 1.303251470924713, "C5": 1.5946733994513633, "H5": 0.0, "C6": 1.6087947474324804, "H6": 0.0, "O3": 1.2838335970697539, "C7": 1.620960791361087, "H7": 0.0, "C8": 1.618279341790059, "H8": 0.0, "O4": 1.2933693301710556, "C9": 1.5495703764212438, "H9": 0.0, "C10": 1.5877169903951478, "H10": 0.0, "O5": 1.2817155113853078, "C11": 1.6178154245493355, "H11": 0.0, "C12": 1.6161372224971449, "H12": 0.0, "O6": 1.2871242240396694, "C13": 1.597020675997421, "H13": 0.0, "C14": 1.6167520869413445, "H14": 0.0, "O7": 1.2935864341996612, "C15": 1.6203782824436797, "H15": 0.0, "C16": 1.6289635069803012, "H16": 0.0, "O8": 1.2985695074562271, "C17": 1.5847244547122372, "H17": 0.0, "C18": 1.591440495573893, "H18": 0.0, "O9": 1.2499610764621332, "C19": 1.6086893523952688, "H19": 0.0, "C20": 1.6091917941983063, "H20": 0.0, "O10": 1.2814799212067332, "C21": 1.631403034464297, "H21": 0.0, "C22": 1.6562781064786607, "H22": 0.0, "O11": 1.2718714642045164, "C23": 1.6341508435463958, "H23": 0.0, "C24": 1.6579580626281676, "H24": 0.0, "O12": 1.2829969423764236, "C25": 1.596771564591411, "H25": 0.0, "C26": 1.6313698297804795, "H26": 0.0, "O13": 1.2635738852944882, "C27": 1.6063141702611943, "H27": 0.0, "C28": 1.6250913274868137, "H28": 0.0, "O14": 1.2832345011902626, "C29": 1.6570867762601629, "H29": 0.0, "C30": 1.6784059627559775, "H30": 0.0, "O15": 1.2858138032903035, "C31": 1.6554833797760244, "H31": 0.0, "C32": 1.6829285021689062, "H32": 0.0, "O16": 1.2665599505226783, "Tb1": 1.2064695146096331, "Tb2": 1.1823471294877441, "S1": 1.692190388803562, "N1": 1.3034058158127642, "C33": 1.6531351646471093, "C34": 1.57641913352747, "C35": 1.4362741876813707, "C36": 1.3693393881971474, "C37": 1.6765582909561625, "H33": 0.0, "C38": 1.9210872597116266, "H34": 0.0, "C39": 1.4962904989972574, "O17": 1.496016936112832, "S2": 1.6654317997952641, "N2": 1.3067792639844789, "C40": 1.6273607885988395, "C41": 1.5720481803048378, "C42": 1.4371094093019199, "C43": 1.3683675391124774, "C44": 1.6676057848320573, "H35": 0.0, "C45": 1.943942222539548, "H36": 0.0, "C46": 1.5142285812636378, "O18": 1.489932272159874, "S3": 1.7030434818525617, "N3": 1.3111026907769279, "C47": 1.6802338522593692, "C48": 1.5839891713503667, "C49": 1.4387137788428281, "C50": 1.359317766692748, "C51": 1.629307051315337, "H37": 0.0, "C52": 1.8816716173486514, "H38": 0.0, "C53": 1.4852275771856798, "O19": 1.510040255574499, "S4": 1.6886522035090252, "N4": 1.3363680927053792, "C54": 1.6503006101609752, "C55": 1.5914508825176026, "C56": 1.4567478411263528, "C57": 1.3737567977676846, "C58": 1.6514463090911637, "H39": 0.0, "C59": 1.8859903907154014, "H40": 0.0, "C60": 1.4925294646560103, "O20": 1.5058156469098705, "S5": 1.6753154591433845, "N5": 1.3017074193784648, "C61": 1.6469545404317678, "C62": 1.5698701455523119, "C63": 1.4205412099759642, "C64": 1.3595522541883105, "C65": 1.6677351574123433, "H41": 0.0, "C66": 1.9323135640820848, "H42": 0.0, "C67": 1.5199224745200353, "O21": 1.494336091488615, "S6": 1.66717323309847, "N6": 1.3116668902809006, "C68": 1.6196151728443637, "C69": 1.5764064344464699, "C70": 1.4403250260673597, "C71": 1.387602034698966, "C72": 1.6977897466055254, "H43": 0.0, "C73": 1.9322885533946796, "H44": 0.0, "C74": 1.5231692161527226, "O22": 1.4979005235019034, "S7": 1.7097963690115583, "N7": 1.3204392578262765, "C75": 1.6549024821756197, "C76": 1.58944909007497, "C77": 1.4529805688416881, "C78": 1.3627363722765673, "C79": 1.6483615855989717, "H45": 0.0, "C80": 1.8800598552916479, "H46": 0.0, "C81": 1.5018476541101615, "O23": 1.5180771706495575, "S8": 1.7029875497293558, "N8": 1.3022555678860825, "C82": 1.6817875679838727, "C83": 1.5974125123113685, "C84": 1.4449143336567127, "C85": 1.3599997496716052, "C86": 1.630299938652893, "H47": 0.0, "C87": 1.8794743655182278, "H48": 0.0, "C88": 1.4626285194965836, "O24": 1.5213137858283643}