{"C1": 1.317613047636305, "H1": 0.0, "C2": 1.3352525788219678, "H2": 0.0, "O1": 1.160353917035002, "C3": 1.3143394584716173, "H3": 0.0, "C4": 1.3472032003714374, "H4": 0.0, "O2": 1.1591100628130975, "C5": 1.3317650655395774, "H5": 0.0, "C6": 1.3563829013996056, "H6": 0.0, "O3": 1.1579616403617439, "C7": 1.3216425870103288, "H7": 0.0, "C8": 1.3455345508352503, "H8": 0.0, "O4": 1.1616963482682914, "C9": 1.306445598554758, "H9": 0.0, "C10": 1.340581024645308, "H10": 0.0, "O5": 1.1599732444430595, "C11": 1.3171792642949975, "H11": 0.0, "C12": 1.3404145862062944, "H12": 0.0, "O6": 1.1485807471333904, "C13": 1.3395573348393839, "H13": 0.0, "C14": 1.3706997063118371, "H14": 0.0, "O7": 1.1572804217353605, "C15": 1.3278296960237712, "H15": 0.0, "C16": 1.3468796205139117, "H16": 0.0, "O8": 1.1659700241445838, "C17": 1.3050150887971523, "H17": 0.0, "C18": 1.3391107513147045, "H18": 0.0, "O9": 1.1546965642510034, "C19": 1.3241000537335494, "H19": 0.0, "C20": 1.356631489382654, "H20": 0.0, "O10": 1.1594825931221289, "C21": 1.3420873118060987, "H21": 0.0, "C22": 1.3704172731480102, "H22": 0.0, "O11": 1.1643078420464443, "C23": 1.3495033393075042, "H23": 0.0, "C24": 1.3752186328507126, "H24": 0.0, "O12": 1.1633249506322323, "C25": 1.3216657524455058, "H25": 0.0, "C26": 1.353323553822686, "H26": 0.0, "O13": 1.1610789195276012, "C27": 1.3321254641018774, "H27": 0.0, "C28": 1.3520060800623366, "H28": 0.0, "O14": 1.1681334025722865, "C29": 1.3691240829251194, "H29": 0.0, "C30": 1.3898722924225144, "H30": 0.0, "O15": 1.1651218325515837, "C31": 1.3529160018890938, "H31": 0.0, "C32": 1.3674004892572995, "H32": 0.0, "O16": 1.1720526138396203, "Tb1": 1.1191563325615308, "Tb2": 1.1241616692159553, "S1": 1.3160311881871576, "N1": 1.1686044880619084, "C33": 1.322381297003349, "C34": 1.3270137244368885, "C35": 1.2400548016441548, "C36": 1.2223859575957865, "C37": 1.3829537221572132, "H33": 0.0, "C38": 1.4424722119815587, "H34": 0.0, "C39": 1.2800621120824789, "O17": 1.2903851618892033, "S2": 1.3218242669798914, "N2": 1.163653580283612, "C40": 1.3168214037048767, "C41": 1.3268798859221973, "C42": 1.2533155170635784, "C43": 1.2298591753431087, "C44": 1.3806530803725472, "H35": 0.0, "C45": 1.4476163556382413, "H36": 0.0, "C46": 1.2751890867129811, "O18": 1.271355968213076, "S3": 1.3371728925739503, "N3": 1.168689754504689, "C47": 1.3380531946972491, "C48": 1.356310827172486, "C49": 1.266134788102362, "C50": 1.2304362807035867, "C51": 1.3632821646384743, "H37": 0.0, "C52": 1.4145605109988784, "H38": 0.0, "C53": 1.2689566575418247, "O19": 1.3013417478536364, "S4": 1.3354532244242099, "N4": 1.1544252339632814, "C54": 1.3383685250502904, "C55": 1.3433501773330285, "C56": 1.248549768811822, "C57": 1.218048871034696, "C58": 1.3507980494268028, "H39": 0.0, "C59": 1.42264151401668, "H40": 0.0, "C60": 1.2633835880955857, "O20": 1.2985600001069595, "S5": 1.330673567372885, "N5": 1.1627714420657167, "C61": 1.3227845384809247, "C62": 1.3338609285389795, "C63": 1.2522351133324483, "C64": 1.2207095883928292, "C65": 1.385927994524322, "H41": 0.0, "C66": 1.4446578391233602, "H42": 0.0, "C67": 1.271215964094916, "O21": 1.2860446000126988, "S6": 1.31727356080639, "N6": 1.1591520678976543, "C68": 1.3195723051931743, "C69": 1.3249152585987423, "C70": 1.2336233439409796, "C71": 1.2175888895567688, "C72": 1.3799889288890868, "H43": 0.0, "C73": 1.4466343770695385, "H44": 0.0, "C74": 1.272774063361332, "O22": 1.2753611318314622, "S7": 1.345850760789778, "N7": 1.1569152848509534, "C75": 1.3426313383857424, "C76": 1.3508900628456622, "C77": 1.2586707491349156, "C78": 1.2147009684623062, "C79": 1.3528931718167039, "H45": 0.0, "C80": 1.4154647098642728, "H46": 0.0, "C81": 1.2561987989762926, "O23": 1.2961648235420704, "S8": 1.336422515523055, "N8": 1.163113857534157, "C82": 1.3397918038426933, "C83": 1.3572676201526122, "C84": 1.2536438626187612, "C85": 1.2276906479439336, "C86": 1.3570285343602824, "H47": 0.0, "C87": 1.4149936728627286, "H48": 0.0, "C88": 1.271645203032866, "O24": 1.3000269706002474}