{"C1": 0.2961589401889716, "H1": 0.0, "C2": 0.30084997243361156, "H2": 0.0, "O1": 0.1499422880815765, "C3": 0.2967478453062692, "H3": 0.0, "C4": 0.2939953967594969, "H4": 0.0, "O2": 0.14646394504809784, "C5": 0.30099806886623326, "H5": 0.0, "C6": 0.3017060567335331, "H6": 0.0, "O3": 0.15250751089578182, "C7": 0.30014319610535783, "H7": 0.0, "C8": 0.2999609808015054, "H8": 0.0, "O4": 0.14767366680038146, "C9": 0.2839787114789491, "H9": 0.0, "C10": 0.29261059756624314, "H10": 0.0, "O5": 0.15016037025000153, "C11": 0.290033796509036, "H11": 0.0, "C12": 0.2898707595960139, "H12": 0.0, "O6": 0.14533110116705952, "C13": 0.31317848971327766, "H13": 0.0, "C14": 0.3151087733295451, "H14": 0.0, "O7": 0.14810396403500642, "C15": 0.303670697489352, "H15": 0.0, "C16": 0.30586293938931824, "H16": 0.0, "O8": 0.14845600457167096, "C17": 0.2903026538010756, "H17": 0.0, "C18": 0.29528389824839335, "H18": 0.0, "O9": 0.13782354065942076, "C19": 0.294528146342092, "H19": 0.0, "C20": 0.29981235833735037, "H20": 0.0, "O10": 0.14963627382600897, "C21": 0.3263265830313958, "H21": 0.0, "C22": 0.3241754779780817, "H22": 0.0, "O11": 0.15184495348491292, "C23": 0.32061882825421106, "H23": 0.0, "C24": 0.32582761799684934, "H24": 0.0, "O12": 0.15189651189540485, "C25": 0.28654971561173115, "H25": 0.0, "C26": 0.29710706277805593, "H26": 0.0, "O13": 0.14274801520830133, "C27": 0.30222256176379464, "H27": 0.0, "C28": 0.3031380270552093, "H28": 0.0, "O14": 0.14460104606751706, "C29": 0.3338964432018588, "H29": 0.0, "C30": 0.33492630782079447, "H30": 0.0, "O15": 0.15345193546842464, "C31": 0.33707245647640316, "H31": 0.0, "C32": 0.33386024201472525, "H32": 0.0, "O16": 0.14318144253835963, "Tb1": 0.10111226767483182, "Tb2": 0.09128342569433329, "S1": 0.41955692905667186, "N1": 0.15586494054944544, "C33": 0.36323423636878394, "C34": 0.3169558759267248, "C35": 0.2191239256042259, "C36": 0.1960784423105438, "C37": 0.3850469680671372, "H33": 0.0, "C38": 0.6235045327473002, "H34": 0.0, "C39": 0.35847244734750866, "O17": 0.3084560866727573, "S2": 0.4077676952380593, "N2": 0.14770413088205456, "C40": 0.3610791987687334, "C41": 0.3113289538638748, "C42": 0.22246168369164268, "C43": 0.19814760966857584, "C44": 0.38679538520177403, "H35": 0.0, "C45": 0.6158601704502309, "H36": 0.0, "C46": 0.3577128146014386, "O18": 0.2804957533339063, "S3": 0.43160103243884645, "N3": 0.15019762217946117, "C47": 0.3876857807425427, "C48": 0.3320983907854715, "C49": 0.230009257009215, "C50": 0.19369191013416975, "C51": 0.37913469936792027, "H37": 0.0, "C52": 0.6237194246906234, "H38": 0.0, "C53": 0.3483419892853679, "O19": 0.3095648539800142, "S4": 0.4056991177660196, "N4": 0.14489942546853127, "C54": 0.3704911334162555, "C55": 0.3258566506505864, "C56": 0.22626297756504646, "C57": 0.18893200320762196, "C58": 0.35437108582782456, "H39": 0.0, "C59": 0.6257400986287904, "H40": 0.0, "C60": 0.33507872881281314, "O20": 0.31425069557436286, "S5": 0.39929251159627793, "N5": 0.1533453112549055, "C61": 0.3610775445153395, "C62": 0.31479437437989155, "C63": 0.2197104360041863, "C64": 0.19744044321740184, "C65": 0.3929166346288942, "H41": 0.0, "C66": 0.6311864204213437, "H42": 0.0, "C67": 0.36011133284616587, "O21": 0.2978748683329895, "S6": 0.4050048993840336, "N6": 0.15234663357559497, "C68": 0.34935069539788044, "C69": 0.30326617662512195, "C70": 0.21403425142054186, "C71": 0.19615672603008302, "C72": 0.3979794991201584, "H43": 0.0, "C73": 0.6319406712016572, "H44": 0.0, "C74": 0.3569138633310966, "O22": 0.2890740474762525, "S7": 0.41459028662825875, "N7": 0.13845684304141262, "C75": 0.3820982393105877, "C76": 0.3309347803094782, "C77": 0.2267142295266216, "C78": 0.1893821284240255, "C79": 0.361521961738346, "H45": 0.0, "C80": 0.6181624800817506, "H46": 0.0, "C81": 0.3272745090640709, "O23": 0.31995379986315325, "S8": 0.4205293979836129, "N8": 0.1531294048445982, "C82": 0.3848214762293103, "C83": 0.32940622620068155, "C84": 0.22949029891171893, "C85": 0.19311729115353313, "C86": 0.3593794403530655, "H47": 0.0, "C87": 0.6221142690359245, "H48": 0.0, "C88": 0.3503767048900231, "O24": 0.31198535582226133}