{"C1": 0.5830343912974824, "H1": 0.0, "C2": 0.6668220386038194, "H2": 0.0, "O1": 0.5459664357799128, "C3": 0.6118486750187989, "H3": 0.0, "C4": 0.6888353923647325, "H4": 0.0, "O2": 0.5348777433461479, "C5": 0.6934879939298548, "H5": 0.0, "C6": 0.7622686218418147, "H6": 0.0, "O3": 0.5708287879060632, "C7": 0.6611921484420694, "H7": 0.0, "C8": 0.7266711988494547, "H8": 0.0, "O4": 0.5903513593933606, "C9": 0.6211850546572106, "H9": 0.0, "C10": 0.6863160806418999, "H10": 0.0, "O5": 0.5399311994461856, "C11": 0.6126730757295326, "H11": 0.0, "C12": 0.6892038128826401, "H12": 0.0, "O6": 0.5419254087227439, "C13": 0.6250862294706848, "H13": 0.0, "C14": 0.7276038518768793, "H14": 0.0, "O7": 0.5591670427929122, "C15": 0.6853775514383845, "H15": 0.0, "C16": 0.7471189092367223, "H16": 0.0, "O8": 0.6205767226358655, "C17": 0.61414002003025, "H17": 0.0, "C18": 0.7013913632957159, "H18": 0.0, "O9": 0.5228438334641878, "C19": 0.6113763086590545, "H19": 0.0, "C20": 0.6916766047919622, "H20": 0.0, "O10": 0.5437831221366467, "C21": 0.654731059269253, "H21": 0.0, "C22": 0.7358205332897729, "H22": 0.0, "O11": 0.5991235953814928, "C23": 0.6591333399572317, "H23": 0.0, "C24": 0.7337953140323689, "H24": 0.0, "O12": 0.5931435140454347, "C25": 0.5888825599317872, "H25": 0.0, "C26": 0.7183644082941409, "H26": 0.0, "O13": 0.5119835427719407, "C27": 0.6068635321856692, "H27": 0.0, "C28": 0.718057036747903, "H28": 0.0, "O14": 0.5126590037700897, "C29": 0.6238223326895816, "H29": 0.0, "C30": 0.6973339120680565, "H30": 0.0, "O15": 0.6121564371609105, "C31": 0.6201997515428911, "H31": 0.0, "C32": 0.7084603310933265, "H32": 0.0, "O16": 0.5904325835525438, "Tb1": 0.13533791316789145, "Tb2": 0.13994889122782203, "S1": 0.42606630169094356, "N1": 0.6797211371025687, "C33": 0.41391467487609046, "C34": 0.7407910812716277, "C35": 0.8397845559583413, "C36": 0.9882711185458797, "C37": 0.45177092428540766, "H33": 0.0, "C38": 0.3403736030026551, "H34": 0.0, "C39": 0.5476636479238026, "O17": 0.49720040678311794, "S2": 0.43812005804722587, "N2": 0.6688745936830516, "C40": 0.45071694091150066, "C41": 0.7316259806371271, "C42": 0.8388132369222475, "C43": 0.9825330458686485, "C44": 0.45543806469132614, "H35": 0.0, "C45": 0.32687133375271554, "H36": 0.0, "C46": 0.550898553720857, "O18": 0.49069386698517925, "S3": 0.47594468421798936, "N3": 0.6100219083243249, "C47": 0.48493632744875953, "C48": 0.7622581697810836, "C49": 0.8983532467200841, "C50": 0.9488293266627101, "C51": 0.41154429877353865, "H37": 0.0, "C52": 0.29230900101724755, "H38": 0.0, "C53": 0.49050792414284583, "O19": 0.5427264648674772, "S4": 0.49449331227645726, "N4": 0.607033367022322, "C54": 0.49363406276194094, "C55": 0.7634731348706759, "C56": 0.8638718609459364, "C57": 0.9514285965957647, "C58": 0.4108664124516325, "H39": 0.0, "C59": 0.2918723571512917, "H40": 0.0, "C60": 0.4936672558447017, "O20": 0.5440463456369068, "S5": 0.4269431724139571, "N5": 0.6720032657750591, "C61": 0.4453001101582085, "C62": 0.7514315301158925, "C63": 0.8551282496488561, "C64": 1.0, "C65": 0.4493278232239603, "H41": 0.0, "C66": 0.3358586112426588, "H42": 0.0, "C67": 0.5464030106972648, "O21": 0.47537653173073513, "S6": 0.4411890926493839, "N6": 0.6656237265951594, "C68": 0.45871276938937117, "C69": 0.7432764158831019, "C70": 0.8531695156795449, "C71": 0.9596261310424639, "C72": 0.438809920612286, "H43": 0.0, "C73": 0.3326484870641212, "H44": 0.0, "C74": 0.5468721517374441, "O22": 0.4947264105189599, "S7": 0.48269110998437625, "N7": 0.6094554685223857, "C75": 0.4941682402448793, "C76": 0.7639377681916459, "C77": 0.8854140425469028, "C78": 0.9547212946300312, "C79": 0.39655901024129175, "H45": 0.0, "C80": 0.29916774549468456, "H46": 0.0, "C81": 0.4966026324618797, "O23": 0.5291700750773884, "S8": 0.4791627165498836, "N8": 0.6041577261228199, "C82": 0.49126158085758787, "C83": 0.7363496705495838, "C84": 0.8675774855415527, "C85": 0.9548772029105027, "C86": 0.41254192093642844, "H47": 0.0, "C87": 0.2978853927491661, "H48": 0.0, "C88": 0.4920866735697788, "O24": 0.5518990237198454}