{"U1": 0.17510160425671076, "U2": 0.17459785652358176, "P1": 0.18955724719703393, "P2": 0.18809804594850021, "O1": 0.1754222321483101, "O2": 0.17658303122421556, "O3": 0.17517355989376593, "O4": 0.1768002480414185, "O5": 0.1761552305312431, "O6": 0.17574725016241935, "O7": 0.17795715306537696, "O8": 0.17491273197391422, "U3": 0.17561203044254137, "U4": 0.17439643333137597, "P3": 0.18904215265331217, "P4": 0.18768708976153942, "O9": 0.17500809169133175, "O10": 0.17618292543290343, "O11": 0.17501786674969594, "O12": 0.17524889307027977, "O13": 0.17593363640066992, "O14": 0.1760005826236304, "O15": 0.1771253609358924, "O16": 0.1744963820812084, "U5": 0.1745348752822987, "U6": 0.17380679048138503, "P5": 0.18914084749887755, "P6": 0.18800994829415457, "O17": 0.17536048656168984, "O18": 0.17659732705218878, "O19": 0.17498665613087724, "O20": 0.1762349947690358, "O21": 0.17553367398884473, "O22": 0.17583232571106938, "O23": 0.17687516162667055, "O24": 0.17477364818666968, "U7": 0.1748932258481728, "U8": 0.17416985197371582, "P7": 0.18878207789941287, "P8": 0.18763102092607367, "O25": 0.17497309612697803, "O26": 0.17623317172772646, "O27": 0.17493097128316681, "O28": 0.17532864510260268, "O29": 0.1758320397481064, "O30": 0.17547649577524443, "O31": 0.17680655442977458, "O32": 0.17460251843519023, "U9": 0.17494888309517972, "U10": 0.17397048027230264, "P9": 0.18881401351182664, "P10": 0.18747533596517493, "O33": 0.17505347919767095, "O34": 0.17653981617504835, "O35": 0.1752279828910461, "O36": 0.17568580404966927, "O37": 0.1756629899805306, "O38": 0.17542939245990047, "O39": 0.17691343204780474, "O40": 0.1745881708723533, "U11": 0.1748899286835719, "U12": 0.1743883558162835, "P11": 0.18900009996628486, "P12": 0.1874075848737462, "O41": 0.17473547116734742, "O42": 0.176589168331009, "O43": 0.1749123639103862, "O44": 0.17557025221530037, "O45": 0.17587318602056884, "O46": 0.17503253644553873, "O47": 0.17662227672144304, "O48": 0.17474145199192548, "U13": 0.1750234165957722, "U14": 0.1739655441412087, "P13": 0.1893154708127665, "P14": 0.18810896940660216, "O49": 0.1754568542091761, "O50": 0.17671703877519676, "O51": 0.1754150952994572, "O52": 0.17679317478372517, "O53": 0.17648577885006111, "O54": 0.17572849494693138, "O55": 0.17779243442642312, "O56": 0.17493205061285966, "U15": 0.17567935969639528, "U16": 0.17462737897559644, "P15": 0.1886082382822907, "P16": 0.18685681562749457, "O57": 0.17512604097621046, "O58": 0.17565881005747233, "O59": 0.17491307804645254, "O60": 0.1750351154944901, "O61": 0.17571802829293334, "O62": 0.1756643408919127, "O63": 0.17735518270753814, "O64": 0.1739473389324464, "U17": 0.17426436600429818, "U18": 0.17425136110014677, "U19": 0.17420909894085698, "U20": 0.17378995391610666}