{"U1": 0.26043131508172523, "U2": 0.26193563169351347, "P1": 0.4514182879539841, "P2": 0.42588231297746126, "O1": 0.2712315310916322, "O2": 0.28161502891257456, "O3": 0.2705930517239254, "O4": 0.2692359805588141, "O5": 0.2798537336065437, "O6": 0.2791057145353506, "O7": 0.270252048733536, "O8": 0.28465675486883646, "U3": 0.26277480608381754, "U4": 0.2581968311936443, "P3": 0.45278501956349315, "P4": 0.42447372738476824, "O9": 0.2676470821266396, "O10": 0.27926564466272413, "O11": 0.2719882683824831, "O12": 0.26001057498130636, "O13": 0.275464713726173, "O14": 0.27580187311169996, "O15": 0.2668494358433361, "O16": 0.2833904191493282, "U5": 0.26553548178913017, "U6": 0.2603312751823006, "P5": 0.4453354544863217, "P6": 0.42807515318822237, "O17": 0.2729838831930324, "O18": 0.2770679835204771, "O19": 0.2688749569202937, "O20": 0.2680117773061853, "O21": 0.27230897939725973, "O22": 0.2793919641519071, "O23": 0.2683116220179123, "O24": 0.2861840153465256, "U7": 0.2617651426284968, "U8": 0.26236768749649714, "P7": 0.4438737237479199, "P8": 0.4249089594025077, "O25": 0.27053024997632436, "O26": 0.2765537953440535, "O27": 0.2690170199994529, "O28": 0.26498513266485446, "O29": 0.27560636888602924, "O30": 0.27505179350688785, "O31": 0.2597920477768784, "O32": 0.28163719308209517, "U9": 0.2618196405547196, "U10": 0.26174629910085734, "P9": 0.4413700309291269, "P10": 0.4232006816145007, "O33": 0.27050424439829784, "O34": 0.2768050455585343, "O35": 0.26936595904773203, "O36": 0.2639918828696161, "O37": 0.27633987088078865, "O38": 0.2786359459260933, "O39": 0.26810503732449475, "O40": 0.28208881184111223, "U11": 0.2636944526595442, "U12": 0.26375771760090677, "P11": 0.44956303247601204, "P12": 0.4243034593158902, "O41": 0.27062708258284884, "O42": 0.278719210438538, "O43": 0.2721537579824414, "O44": 0.26454411738896244, "O45": 0.2792738358710037, "O46": 0.2750636756084172, "O47": 0.26146172620654445, "O48": 0.2785870538518256, "U13": 0.26068806249028004, "U14": 0.25666682769078336, "P13": 0.4535782119547672, "P14": 0.42746838290742084, "O49": 0.2722654172207526, "O50": 0.2815227870432487, "O51": 0.27281194577732576, "O52": 0.2676034855926776, "O53": 0.2785543256294535, "O54": 0.2796571176934693, "O55": 0.26944084280874026, "O56": 0.28656608370705217, "U15": 0.2615518176816369, "U16": 0.2589952282891275, "P15": 0.44572773607907273, "P16": 0.4169576177124251, "O57": 0.26464311437506816, "O58": 0.2719695886524237, "O59": 0.2699695558939556, "O60": 0.25851498393054406, "O61": 0.2740714284081283, "O62": 0.271809613895962, "O63": 0.2659983603649019, "O64": 0.282755614908351, "U17": 0.289569779834714, "U18": 0.27989519210890124, "U19": 0.2867448174277759, "U20": 0.2795682403678589}