{"U1": 1.7434935012634372, "U2": 2.7174340200947293, "P1": 0.05129575041289955, "P2": 0.05653880020201295, "O1": 0.695212475222611, "O2": 0.36577697372062956, "O3": 1.6239812611682467, "O4": 1.035070333912116, "O5": 1.6286511441540765, "O6": 0.6406799672897296, "O7": 0.6182288744083445, "O8": 0.7905938048952963, "U3": 1.8280225792122191, "U4": 3.0196133679258113, "P3": 0.0, "P4": 0.0, "O9": 0.370336351394939, "O10": 0.8051950760668741, "O11": 1.246902060529559, "O12": 1.290813594137584, "O13": 0.541049135500732, "O14": 1.2358937258577798, "O15": 0.807765142181324, "O16": 1.1236285581079817, "U5": 2.1329768472291977, "U6": 4.011709815462716, "P5": 0.025915662461403127, "P6": 0.15596525973753053, "O17": 0.4586094346852132, "O18": 0.7023448996260812, "O19": 1.002314618310165, "O20": 0.8950334151392789, "O21": 1.6439375374929215, "O22": 1.3546090032002447, "O23": 0.6295676946340236, "O24": 1.4407307261376758, "U7": 2.0897786046742084, "U8": 1.7991537042694346, "P7": 0.10962839947284658, "P8": 0.06170105623773983, "O25": 0.2973534531154555, "O26": 0.5921731180231568, "O27": 1.2417897029380873, "O28": 0.6195599822607207, "O29": 0.6837874826086762, "O30": 1.0576544562179986, "O31": 1.1850946583719326, "O32": 1.4134873319311694, "U9": 4.129315756338242, "U10": 3.6791408373936485}