{"U1": 0.20546534204516895, "U2": 0.20479377461946324, "P1": 0.2695909449170548, "P2": 0.26385945101300395, "O1": 0.2091835310067403, "O2": 0.21442298465661147, "O3": 0.2037416058245157, "O4": 0.2041243430147652, "O5": 0.2127122104670361, "O6": 0.21189123155860531, "O7": 0.2098823485209738, "O8": 0.2063444908927773, "U3": 0.20537781546844094, "U4": 0.20455945213830884, "P3": 0.27367629762970885, "P4": 0.26775722617718467, "O9": 0.21092404337268517, "O10": 0.2132966451696446, "O11": 0.2086188512885648, "O12": 0.20706116568257887, "O13": 0.2140220209266667, "O14": 0.2132270568743565, "O15": 0.21241678197027655, "O16": 0.20854826707268487, "U5": 0.20955549473705487, "U6": 0.20725575694342482, "P5": 0.26921423250205645, "P6": 0.26705067930326, "O17": 0.21165389953999106, "O18": 0.2127438464550581, "O19": 0.20458427039516, "O20": 0.20791338979316049, "O21": 0.21367772507152333, "O22": 0.2115419409942537, "O23": 0.210458422838254, "O24": 0.2058451524630346, "U7": 0.20817326216034335, "U8": 0.20733577339597914, "P7": 0.2672928368328001, "P8": 0.2684959868376181, "O25": 0.2121957978904539, "O26": 0.21070885824785107, "O27": 0.20466393639828948, "O28": 0.2075774295679205, "O29": 0.2123613703264267, "O30": 0.21173833609959777, "O31": 0.213251560161346, "O32": 0.20740462518971847, "U9": 0.20790702180635673, "U10": 0.20493267040759688, "P9": 0.26704452257046746, "P10": 0.2651142439735339, "O33": 0.20991871102555773, "O34": 0.21032304071009592, "O35": 0.20409858076734347, "O36": 0.20638039211478973, "O37": 0.21432842329607754, "O38": 0.21103191807047442, "O39": 0.21006692833615515, "O40": 0.20546347214087618, "U11": 0.20842385169234934, "U12": 0.20897156907297376, "P11": 0.27097175566269194, "P12": 0.2694364374200966, "O41": 0.2124851997327313, "O42": 0.21366726764072652, "O43": 0.20593412497104066, "O44": 0.20866829907152593, "O45": 0.21478863051775135, "O46": 0.21284218014998443, "O47": 0.2134236284520243, "O48": 0.20682209436198581, "U13": 0.20625443359528065, "U14": 0.20418389242946464, "P13": 0.2712537094601012, "P14": 0.26416500584186714, "O49": 0.2096126503455233, "O50": 0.21509001176886702, "O51": 0.20593405074148446, "O52": 0.20369991507987464, "O53": 0.21336065643093954, "O54": 0.21255017644525281, "O55": 0.21043001816531182, "O56": 0.2050863208557021, "U15": 0.20393511072837536, "U16": 0.20362196091065854, "P15": 0.2698565551797662, "P16": 0.2649057842477567, "O57": 0.20985323908051787, "O58": 0.21104179945489748, "O59": 0.2079983110140892, "O60": 0.20591781422029665, "O61": 0.21133648012968137, "O62": 0.21091775033210944, "O63": 0.21294706277351522, "O64": 0.20754516475803553, "U17": 0.20228548283179912, "U18": 0.2039883720637466, "U19": 0.20373021676364383, "U20": 0.2064941853996087}