{"U1": 0.9171337985475081, "U2": 0.8576616448781041, "P1": 0.6602572663609851, "P2": 0.7581177277894566, "O1": 0.8658142879943382, "O2": 0.9128410041639262, "O3": 0.8854666356475781, "O4": 0.9195353071762515, "O5": 0.9511496108176222, "O6": 0.9306081207808614, "O7": 0.9133646193242517, "O8": 0.839267895578791, "U3": 0.8514886136097665, "U4": 0.8889095854493284, "P3": 0.6995182632943531, "P4": 0.7452338893372971, "O9": 0.872823626926879, "O10": 0.9162205488749608, "O11": 0.8891717760071457, "O12": 0.9125114776518445, "O13": 0.9811502575812102, "O14": 0.9290211975184647, "O15": 0.8524024846763626, "O16": 0.8394036289545893, "U5": 0.9054784137826565, "U6": 0.8968730264488606, "P5": 0.6809875360456413, "P6": 0.7093588612128074, "O17": 0.912298817266383, "O18": 0.8877069018936785, "O19": 0.8944361839280169, "O20": 0.8909505669354306, "O21": 0.9181134241396259, "O22": 0.9585222834874259, "O23": 0.9112433305083922, "O24": 0.8541995981923424, "U7": 0.8975395936670312, "U8": 0.8952829035512628, "P7": 0.6565485104629453, "P8": 0.7536473983066746, "O25": 0.8722271127398558, "O26": 0.8620467090407703, "O27": 0.8769669252551461, "O28": 0.9157799019343424, "O29": 0.9457980781284631, "O30": 0.9622657723836782, "O31": 0.8673901080112455, "O32": 0.8466534110508709, "U9": 0.8706076625951067, "U10": 0.8964895560430385, "P9": 0.6626333507206117, "P10": 0.7393239632258966, "O33": 0.9052791645790896, "O34": 0.8419953368117367, "O35": 0.8287329738630845, "O36": 0.9169853228645736, "O37": 0.9347215255626553, "O38": 0.9170597570501052, "O39": 0.9145708648328458, "O40": 0.860556645536821, "U11": 0.872525090663341, "U12": 0.9216418624641063, "P11": 0.6459230194254569, "P12": 0.7634146881037327, "O41": 0.8539756656118499, "O42": 0.812558513166151, "O43": 0.8560385445451836, "O44": 0.8926716689651847, "O45": 0.9417560260065909, "O46": 0.9532896188802814, "O47": 0.8676849972361658, "O48": 0.860330397599268, "U13": 0.879260759788334, "U14": 0.8496040411877334, "P13": 0.6577752847414696, "P14": 0.7654259248024979, "O49": 0.8676490196258034, "O50": 0.8891826737277074, "O51": 0.8378485592121029, "O52": 0.9064300151229677, "O53": 0.9716078583450511, "O54": 0.9161222373400635, "O55": 0.910776618695163, "O56": 0.8453153991922912, "U15": 0.8283052311641945, "U16": 0.8326407821090426, "P15": 0.7198063970927653, "P16": 0.7228182134607342, "O57": 0.8707331407306005, "O58": 0.8919497519107349, "O59": 0.8941460599526359, "O60": 0.8779392603251608, "O61": 1.0, "O62": 0.9526021601401015, "O63": 0.8644799738468042, "O64": 0.8885439730281879, "U17": 0.6847651850079284, "U18": 0.6786918733468438, "U19": 0.6879906531238182, "U20": 0.6549516416182709}