{"U1": 0.18096254328959008, "U2": 0.18107573832664844, "P1": 0.2203365677817851, "P2": 0.21012914314011977, "O1": 0.1822488039141483, "O2": 0.18908476973484745, "O3": 0.18848586589987237, "O4": 0.18206581773865532, "O5": 0.18705524396987253, "O6": 0.18705352001599848, "O7": 0.18280110213282408, "O8": 0.18680718282679412, "U3": 0.18167327498220204, "U4": 0.1823832310866423, "P3": 0.22167733415148566, "P4": 0.21250646479121116, "O9": 0.18401363267845236, "O10": 0.18957063730895937, "O11": 0.19032416638620386, "O12": 0.18402191189121003, "O13": 0.1871624556120818, "O14": 0.1866223331987802, "O15": 0.18686412946522146, "O16": 0.19135181449952834, "U5": 0.18294543884523287, "U6": 0.18317045964653958, "P5": 0.21953453062723038, "P6": 0.21299846608450962, "O17": 0.18409976679561316, "O18": 0.18810908818105182, "O19": 0.18759731694726017, "O20": 0.18349812044867378, "O21": 0.18725965261406957, "O22": 0.1882119013368537, "O23": 0.1844118382325453, "O24": 0.1874661080045129, "U7": 0.1813371744583679, "U8": 0.1822222772460685, "P7": 0.21965582156221788, "P8": 0.2139278643471768, "O25": 0.18467389479541949, "O26": 0.18682392919302174, "O27": 0.18798848479383726, "O28": 0.1840891491957649, "O29": 0.1856202822232032, "O30": 0.1868283018039353, "O31": 0.18738460941622204, "O32": 0.19014281084214865, "U9": 0.18178095446191997, "U10": 0.18257309056838025, "P9": 0.21741420363340686, "P10": 0.21107740375180886, "O33": 0.1835852587149551, "O34": 0.18741936338103335, "O35": 0.18742539594983643, "O36": 0.18276430723555848, "O37": 0.1864381623459732, "O38": 0.18728492539296376, "O39": 0.1832744017470656, "O40": 0.18664693455529338, "U11": 0.18228817852612084, "U12": 0.18369634503876614, "P11": 0.22128391759169078, "P12": 0.2152540599416487, "O41": 0.18578544375186737, "O42": 0.18883351547936178, "O43": 0.18954083345885933, "O44": 0.18526727027328532, "O45": 0.1869264127002317, "O46": 0.1874285004895241, "O47": 0.18827795371231265, "O48": 0.19086814686805642, "U13": 0.18158296009389474, "U14": 0.18144054962202805, "P13": 0.22121974584050882, "P14": 0.21169091047229002, "O49": 0.18332001772636577, "O50": 0.1895288938770194, "O51": 0.18973721153498208, "O52": 0.18261126206371736, "O53": 0.18749191802592052, "O54": 0.1875594492961919, "O55": 0.18434067550362335, "O56": 0.18823173968879464, "U15": 0.18111274181011705, "U16": 0.181720179449894, "P15": 0.22027863815590137, "P16": 0.2103446478325278, "O57": 0.18341327657581566, "O58": 0.1880545264308337, "O59": 0.1896749991195794, "O60": 0.1830772241601886, "O61": 0.18614991884429868, "O62": 0.18549779238274675, "O63": 0.18665299468473762, "O64": 0.19046652633090905, "U17": 0.1831109874502424, "U18": 0.18809253865314687, "U19": 0.18363519218612123, "U20": 0.18954493785484552}