{"U1": 0.8714484210612697, "U2": 0.8227971829557338, "P1": 0.9388748268654721, "P2": 0.9792843312195884, "O1": 0.8647208021913537, "O2": 0.9143198894484804, "O3": 0.8712011709996658, "O4": 0.8951968180281534, "O5": 0.9246974565745112, "O6": 0.9236028711271975, "O7": 0.9009848458575735, "O8": 0.8614245193708635, "U3": 0.8152902243951822, "U4": 0.8124402292535614, "P3": 0.9677930904049726, "P4": 0.9669704042854299, "O9": 0.8562098694104472, "O10": 0.9246986339579265, "O11": 0.8815551180233481, "O12": 0.8904136895524977, "O13": 0.9490029258830348, "O14": 0.9263827647665261, "O15": 0.8524470852578594, "O16": 0.8640732148395355, "U5": 0.8643590005832861, "U6": 0.8464011592735425, "P5": 0.9186827709998562, "P6": 0.9457713630206063, "O17": 0.9117021496312873, "O18": 0.868371518515555, "O19": 0.8705180468645848, "O20": 0.8761015786980951, "O21": 0.9059412410617261, "O22": 0.9294540170263907, "O23": 0.8931693050839737, "O24": 0.8602873153429403, "U7": 0.8543274921854009, "U8": 0.835886131732847, "P7": 0.9232030892563726, "P8": 0.9716476942573838, "O25": 0.8668914320452707, "O26": 0.8729848413258317, "O27": 0.8665304461601718, "O28": 0.8875057321697031, "O29": 0.9357411631880507, "O30": 0.9344869774650749, "O31": 0.8619417541793339, "O32": 0.8528849368447108, "U9": 0.845742506186287, "U10": 0.8357942326300142, "P9": 0.904126434746254, "P10": 0.9674205064574699, "O33": 0.9016006370999897, "O34": 0.8426035656199331, "O35": 0.8250004013061237, "O36": 0.8927319928092284, "O37": 0.8887221640380786, "O38": 0.8980443898201302, "O39": 0.9035520107238175, "O40": 0.8598031602513919, "U11": 0.8269832433394296, "U12": 0.8418557225317432, "P11": 0.916035231688835, "P12": 0.9841989786969472, "O41": 0.8603043701316079, "O42": 0.8342093531714323, "O43": 0.8548291945581663, "O44": 0.8839475978462552, "O45": 0.9200948095433955, "O46": 0.9271935057371353, "O47": 0.8619192953062202, "O48": 0.859820391378515, "U13": 0.8504015490299491, "U14": 0.8101156881860203, "P13": 0.9364048225362046, "P14": 1.0, "O49": 0.8778762332129324, "O50": 0.8921904199412397, "O51": 0.8508964846644151, "O52": 0.8908768560019302, "O53": 0.9470706455870049, "O54": 0.9140699895086656, "O55": 0.9011819489486165, "O56": 0.8716000711374096, "U15": 0.7904655496991344, "U16": 0.8060895503642055, "P15": 0.9875202023692905, "P16": 0.9500643596906412, "O57": 0.872323279455654, "O58": 0.9105929090486489, "O59": 0.8838353076799522, "O60": 0.8664563927593821, "O61": 0.9847937841086439, "O62": 0.9378819947429723, "O63": 0.843550160268708, "O64": 0.8816029317318642, "U17": 0.6976953270828592, "U18": 0.6609314111359587, "U19": 0.6894725753115271, "U20": 0.6547623771001415}