{"U1": 0.8501635277072692, "U2": 0.8251247844460433, "P1": 0.909144400429156, "P2": 0.965783055231159, "O1": 0.8827045699879591, "O2": 0.8613774667006268, "O3": 0.8012010111092633, "O4": 0.8487372891921948, "O5": 0.8861169487751805, "O6": 0.9187538751283122, "O7": 0.8609227620682269, "O8": 0.821421561528339, "U3": 0.7883988199524681, "U4": 0.8005361130101212, "P3": 0.8921974137266652, "P4": 0.9149019488211948, "O9": 0.8163060408976857, "O10": 0.8546669904898524, "O11": 0.8508517819460576, "O12": 0.8400058000695936, "O13": 0.8660555864487715, "O14": 0.8911956553034402, "O15": 0.8432825331731928, "O16": 0.8189185042533912, "U5": 0.8526458703222315, "U6": 0.7745676766857114, "P5": 0.9452031986022948, "P6": 0.9954977543048372, "O17": 0.8932330642875117, "O18": 0.8882254435631266, "O19": 0.8747383198311758, "O20": 0.8715565553540562, "O21": 0.8965868898658278, "O22": 0.9521925356711287, "O23": 0.8799193336722116, "O24": 0.8606656137272198, "U7": 0.8397388411180728, "U8": 0.8511273223691951, "P7": 0.9618002829152755, "P8": 1.0, "O25": 0.9073597155968952, "O26": 0.8992843442228963, "O27": 0.8329634890477978, "O28": 0.917743940934372, "O29": 0.9343607628171271, "O30": 0.9548686926435236, "O31": 0.854093122625182, "O32": 0.8614609328502967, "U9": 0.8323884004601422, "U10": 0.7995316500829814, "P9": 0.9467999887630181, "P10": 0.9686888498397987, "O33": 0.8793986609054412, "O34": 0.8703469155048154, "O35": 0.8521638229831214, "O36": 0.8863810045150358, "O37": 0.9257636630501037, "O38": 0.9154196078611738, "O39": 0.8657008853837778, "O40": 0.8933314519929183, "U11": 0.8429808023602571, "U12": 0.8406855887430634, "P11": 0.9305667716267548, "P12": 0.9848709948902963, "O41": 0.8644672360495387, "O42": 0.8856459384400466, "O43": 0.8435711980478355, "O44": 0.8913676170160783, "O45": 0.9391009473158434, "O46": 0.9443795084947022, "O47": 0.9126460614723485, "O48": 0.8759765787933408, "U13": 0.8634079800522195, "U14": 0.8433727150496434, "P13": 0.8979256392529057, "P14": 0.97323508648643, "O49": 0.8981132527136282, "O50": 0.868453618959145, "O51": 0.7826437156649992, "O52": 0.8736462374402623, "O53": 0.8965109836448582, "O54": 0.921556191478324, "O55": 0.8515331771047503, "O56": 0.8064745858007973, "U15": 0.7742711149317715, "U16": 0.8117672735564843, "P15": 0.889982577094204, "P16": 0.9427741222378794, "O57": 0.8205512282270905, "O58": 0.8476146808931413, "O59": 0.8230134793925916, "O60": 0.8333129828025078, "O61": 0.8735452889823356, "O62": 0.8718133133605511, "O63": 0.7924592176215558, "O64": 0.8083742042458117, "U17": 0.667054035469949, "U18": 0.6391275902002921, "U19": 0.6318577720877924, "U20": 0.6670941447536489}