{"U1": 0.9212546937488337, "U2": 1.8572448128426704, "P1": 0.08711772601250152, "P2": 0.019106357095707387, "O1": 1.2490052052429337, "O2": 0.5779794202406666, "O3": 2.0153975253195084, "O4": 0.4806446792728068, "O5": 0.9966681711176202, "O6": 1.4456752353503899, "O7": 1.2225126890641551, "O8": 1.8116250642310754, "U3": 1.4933140939233929, "U4": 2.113065878095364, "P3": 0.1697372063306426, "P4": 0.16637436027519617, "O9": 0.799334486505862, "O10": 1.1009790784219513, "O11": 0.778142705051502, "O12": 0.5814083809927387, "O13": 1.253036685183865, "O14": 0.4969819560956, "O15": 1.73959756439401, "O16": 2.040085498292846, "U5": 1.6195056028041115, "U6": 1.43145897714507, "P5": 0.0, "P6": 0.04561242650438371, "O17": 0.5125390580848249, "O18": 1.1139239356964925, "O19": 0.6637884556762907, "O20": 0.5980812703180137, "O21": 2.2245947341040275, "O22": 1.2576570764706423, "O23": 1.5752717498516395, "O24": 1.4824517697029682, "U7": 1.3056747348386106, "U8": 1.7037309441741992, "P7": 0.01737132541762589, "P8": 0.04293799482922789, "O25": 0.89387664935097, "O26": 0.7653310039061223, "O27": 1.345124613301226, "O28": 0.5424954985143586, "O29": 0.6871349940321472, "O30": 0.9275972432033757, "O31": 0.8827439347610946, "O32": 1.6047435418016995, "U9": 5.941838738262569, "U10": 5.522492955345522}