{"U1": 0.9013803496036502, "U2": 0.8792739985183562, "P1": 0.6980516947411893, "P2": 0.7608881521682166, "O1": 0.9302362460410087, "O2": 0.8951021979083346, "O3": 0.8431001153055234, "O4": 0.8855732254227855, "O5": 0.9547862357324383, "O6": 0.9824323665608613, "O7": 0.9008391885522824, "O8": 0.8245916579000583, "U3": 0.8356152627136874, "U4": 0.8514891087358795, "P3": 0.6414558061866437, "P4": 0.7268146908309887, "O9": 0.8553320625364045, "O10": 0.8783622550071188, "O11": 0.8926966726687, "O12": 0.8605304037481472, "O13": 0.9036823831749657, "O14": 0.958312233190428, "O15": 0.8867918297487362, "O16": 0.8561726340863859, "U5": 0.9038626494735931, "U6": 0.8411126588329779, "P5": 0.6825242020405317, "P6": 0.7916019908125256, "O17": 0.9326063233609719, "O18": 0.9281834390830853, "O19": 0.8955384341277409, "O20": 0.9018807126620024, "O21": 0.9240931566117799, "O22": 0.9999630483319978, "O23": 0.9315755442012944, "O24": 0.9040836191591947, "U7": 0.8977005344436763, "U8": 0.9230221098753287, "P7": 0.7097328754230317, "P8": 0.8024011721583147, "O25": 0.9571824337706141, "O26": 0.9238614000065314, "O27": 0.847977207738245, "O28": 0.9613727469682495, "O29": 0.9883323922013507, "O30": 1.0, "O31": 0.8856027235132329, "O32": 0.860247188749822, "U9": 0.8890349980564533, "U10": 0.864162378380782, "P9": 0.6961794827483401, "P10": 0.7580277747202144, "O33": 0.9043429322305289, "O34": 0.8833407715471686, "O35": 0.8761427019858449, "O36": 0.9176527347454633, "O37": 0.9953959052572939, "O38": 0.956896846861666, "O39": 0.9081576327023926, "O40": 0.9313649695123891, "U11": 0.8905987556682396, "U12": 0.8857554565189555, "P11": 0.66437991136366, "P12": 0.7566698006248899, "O41": 0.8899206183250201, "O42": 0.9269270347952265, "O43": 0.8493478362662555, "O44": 0.9223406789593507, "O45": 0.9961295089263925, "O46": 0.9971339480387301, "O47": 0.9580886536690982, "O48": 0.87991536901132, "U13": 0.9370871300008338, "U14": 0.885654008524614, "P13": 0.6705887677325956, "P14": 0.7682719239440302, "O49": 0.9386370159847842, "O50": 0.9072284203520565, "O51": 0.8068214294516832, "O52": 0.9093171951357856, "O53": 0.9588527824442138, "O54": 0.9808775702732404, "O55": 0.8840995364802772, "O56": 0.8103655487365775, "U15": 0.8110524469386621, "U16": 0.8787955933745011, "P15": 0.6355983937503124, "P16": 0.7807756039544154, "O57": 0.8693745392748898, "O58": 0.8659352106276468, "O59": 0.8383084121827419, "O60": 0.8773695786396495, "O61": 0.9105908578992128, "O62": 0.9324431268881501, "O63": 0.8181873034042485, "O64": 0.8202000567715141, "U17": 0.7103236043171551, "U18": 0.6908493570474303, "U19": 0.6473646891456682, "U20": 0.7098175470462893}