{"La1": 0.3658357992796787, "La2": 0.34517509412658054, "La3": 0.3376482977232619, "La4": 0.34433486646379124, "La5": 0.36060096236221795, "La6": 0.33615313926222834, "La7": 0.33668296430127115, "La8": 0.339137096735615, "H1": 0.0, "H2": 0.0, "H3": 0.0, "H4": 0.0, "H5": 0.0, "H6": 0.0, "H7": 0.0, "H8": 0.0, "H9": 0.0, "H10": 0.0, "H11": 0.0, "H12": 0.0, "H13": 0.0, "H14": 0.0, "H15": 0.0, "H16": 0.0, "C1": 0.3756657925110004, "C2": 0.4240248484800907, "C3": 0.40548776505980527, "C4": 0.3062142596214457, "C5": 0.3447175828611367, "C6": 0.4834954338912796, "C7": 0.4574556852369402, "C8": 0.5249738880186029, "C9": 0.4924680713165828, "C10": 0.4502911530470742, "C11": 0.4344338576071355, "C12": 0.4220743713677098, "C13": 0.40566976682740485, "C14": 0.3310903641135562, "C15": 0.3627847716629493, "C16": 0.44170070486539204, "C17": 0.4405708166000744, "C18": 0.3200117852318167, "C19": 0.3409841822823276, "C20": 0.5252957257172165, "C21": 0.4366117383217589, "C22": 0.4784767844883283, "C23": 0.46618275085614297, "C24": 0.4112464723522187, "C25": 0.3934053312934173, "C26": 0.40303888185355374, "C27": 0.4350125437970591, "C28": 0.3644419855056028, "C29": 0.3887475473160035, "C30": 0.44666426499941914, "C31": 0.42531967714181346, "C32": 0.3172553761733576, "C33": 0.3369500402709105, "C34": 0.5112097972868945, "C35": 0.4870653481631544, "C36": 0.48985446228463, "C37": 0.438849657623092, "C38": 0.4120941248935313, "C39": 0.3952518051552649, "C40": 0.41393384866347943, "C41": 0.40080979185173127, "C42": 0.33382963452297815, "C43": 0.35578463189996007, "C44": 0.44220050945124395, "C45": 0.4216405499535003, "C46": 0.30635753570618945, "C47": 0.3315541393398952, "C48": 0.5130814113717523, "C49": 0.4985126394360966, "C50": 0.5158272685029281, "C51": 0.47690652820493007, "C52": 0.4521217006406746, "C53": 0.4146560484621492, "C54": 0.40189270316498543, "C55": 0.47929929160019313, "C56": 0.35160449642480757, "N1": 0.2961272998199003, "N2": 0.36533054716798474, "N3": 0.40689285056560665, "N4": 0.41021153441048763, "N5": 0.3065861041381347, "N6": 0.38112107112626525, "N7": 0.39273741471469026, "N8": 0.39227341124586457, "N9": 0.30317122269460384, "N10": 0.39067411575982514, "N11": 0.4139197471195782, "N12": 0.43630848946021444, "N13": 0.28811751328402396, "N14": 0.37289461615013514, "N15": 0.440391982177915, "N16": 0.4630492240012169, "O1": 0.35873082387315003, "O2": 0.3378495701971209, "O3": 0.3843757438836233, "O4": 0.492215329957905, "O5": 0.362454523616334, "O6": 0.3571071322860038, "O7": 0.3272700936092574, "O8": 0.3786685912442662, "O9": 0.3910895953289164, "O10": 0.34671529912570503, "O11": 0.3002846762610718, "O12": 0.3251570548834408, "O13": 0.3598520223525653, "O14": 0.33485286301371864, "O15": 0.4079263968187349, "O16": 0.5288087758552957, "O17": 0.3326835908984273, "O18": 0.30888301947732155, "O19": 0.31492884947685984, "O20": 0.3531185759509789, "O21": 0.41899010632416583, "O22": 0.3853895751706602, "O23": 0.30993448937413004, "O24": 0.33919504367122755, "O25": 0.3375254859357248, "O26": 0.33052636357857124, "O27": 0.3949251540802482, "O28": 0.5251829186709245, "O29": 0.3737097676826227, "O30": 0.3369910171257259, "O31": 0.31988060363868276, "O32": 0.3676163313584782, "O33": 0.39362766158975643, "O34": 0.35281110580914476, "O35": 0.2858943914965261, "O36": 0.3470886171776564, "O37": 0.32986034846577605, "O38": 0.33048009282398677, "O39": 0.42233694466808913, "O40": 0.5120895577699215, "O41": 0.35266014025792947, "O42": 0.32045132304719853, "O43": 0.32641969737102267, "O44": 0.36322612616601, "O45": 0.44360280201976043, "O46": 0.42182410878813725, "O47": 0.29590809978665505, "O48": 0.3460009104943842}