{"La1": 0.873072761542761, "La2": 0.6861439718948867, "La3": 0.8731395212416244, "La4": 0.6807160449173847, "La5": 0.9811074183685021, "La6": 0.7558068248440389, "La7": 0.8329053384889797, "La8": 0.8026223718313968, "H1": 0.0, "H2": 0.0, "H3": 0.0, "H4": 0.0, "H5": 0.0, "H6": 0.0, "H7": 0.0, "H8": 0.0, "H9": 0.0, "H10": 0.0, "H11": 0.0, "H12": 0.0, "H13": 0.0, "H14": 0.0, "H15": 0.0, "H16": 0.0, "C1": 0.46392977237800487, "C2": 0.5758275388798904, "C3": 0.6362338271636214, "C4": 0.6847681299192612, "C5": 0.6191110809808008, "C6": 0.5264415082927209, "C7": 0.5873201175488828, "C8": 0.40099428742608983, "C9": 0.4321423357321083, "C10": 0.547232760934009, "C11": 0.5832028933499264, "C12": 0.48261428719765564, "C13": 0.4205808764396635, "C14": 0.5971868433346937, "C15": 0.5280638953235084, "C16": 0.5916008344391869, "C17": 0.6064136516444347, "C18": 0.6444387432129725, "C19": 0.6988380323804421, "C20": 0.49782313772167397, "C21": 0.5352966287353449, "C22": 0.4463578688643588, "C23": 0.43772773609750215, "C24": 0.5333550220225666, "C25": 0.5931761043962512, "C26": 0.48940213044453057, "C27": 0.46221233820544705, "C28": 0.6555912058123722, "C29": 0.5686541848675623, "C30": 0.5944529812683313, "C31": 0.6336533110105894, "C32": 0.7377513217086464, "C33": 0.6947800150242793, "C34": 0.4771624045378735, "C35": 0.5391766022027409, "C36": 0.45055806660863107, "C37": 0.4895632176453138, "C38": 0.5844969671733241, "C39": 0.6957654481279714, "C40": 0.5148043669419159, "C41": 0.4841718331224919, "C42": 0.634775049952786, "C43": 0.5583461064163061, "C44": 0.5838895495188262, "C45": 0.672483304628575, "C46": 0.6130837685814081, "C47": 0.626194814923338, "C48": 0.5243480578778861, "C49": 0.5272670511939539, "C50": 0.4058929965990931, "C51": 0.4707307633401599, "C52": 0.5184808065106048, "C53": 0.5842457217604217, "C54": 0.49924471341567744, "C55": 0.4170974111312372, "C56": 0.7250270960845104, "N1": 0.7071769531565748, "N2": 0.6249071239501325, "N3": 0.6984895033557696, "N4": 0.5672825013564535, "N5": 0.7065619622080856, "N6": 0.6584426639457898, "N7": 0.6126335501960191, "N8": 0.524298441096831, "N9": 0.8522879737573593, "N10": 0.6881320596942506, "N11": 0.6575244289562145, "N12": 0.5755143454554047, "N13": 0.7543168357284785, "N14": 0.725350888633145, "N15": 0.5872471619191753, "N16": 0.4644720588101336, "O1": 0.794567191540921, "O2": 0.7081607923949395, "O3": 0.6128040343385787, "O4": 0.5402635214970389, "O5": 0.7592939197279581, "O6": 0.5969862589916817, "O7": 0.7728734888328207, "O8": 0.5614091527526157, "O9": 0.5150558655178779, "O10": 0.587752747213054, "O11": 0.6280144034029608, "O12": 0.8540303649017185, "O13": 0.7249629103883386, "O14": 0.728337096124332, "O15": 0.6066538907141892, "O16": 0.6764800815112594, "O17": 0.6281356958522896, "O18": 0.5580382404768898, "O19": 0.7233198540317456, "O20": 0.6210821683356849, "O21": 0.4928932959193442, "O22": 0.6244004640689911, "O23": 0.6616137376125887, "O24": 0.9249788266953196, "O25": 0.7929846698025144, "O26": 0.7031727550673607, "O27": 0.6179444012856652, "O28": 0.46037926328298673, "O29": 0.8156139287296612, "O30": 0.6205168163456869, "O31": 0.7433369117011882, "O32": 0.5838072925425448, "O33": 0.54287388777923, "O34": 0.6526854638793145, "O35": 0.7636348602465945, "O36": 0.8170479753746629, "O37": 0.7859562579956019, "O38": 0.6485151330002172, "O39": 0.6202535679144712, "O40": 0.5901363666693126, "O41": 0.7324436475212958, "O42": 0.5894420188256542, "O43": 0.7940489610543001, "O44": 0.5941684819151213, "O45": 0.49524970298969617, "O46": 0.5709502358824027, "O47": 0.7735050287524582, "O48": 1.0}