{"La1": 4.434548875817555, "La2": 4.412195172724079, "La3": 4.482246424195518, "La4": 4.3966030016308535, "La5": 4.433398671347946, "La6": 4.426912450076489, "La7": 4.467582257479897, "La8": 4.377550153944744, "H1": 0.0, "H2": 0.0, "H3": 0.0, "H4": 0.0, "H5": 0.0, "H6": 0.0, "H7": 0.0, "H8": 0.0, "H9": 0.0, "H10": 0.0, "H11": 0.0, "H12": 0.0, "H13": 0.0, "H14": 0.0, "H15": 0.0, "H16": 0.0, "C1": 4.450295095586191, "C2": 4.607901364771258, "C3": 4.582384887283315, "C4": 4.487367538291412, "C5": 4.5199301848780316, "C6": 4.6227246460374225, "C7": 4.597522477409367, "C8": 4.662347433943507, "C9": 4.646241143343524, "C10": 4.6231416128524305, "C11": 4.537160809968931, "C12": 4.619408185263888, "C13": 4.573653949700407, "C14": 4.499509331499122, "C15": 4.470464573883, "C16": 4.537323821665894, "C17": 4.545514544309832, "C18": 4.463704505192173, "C19": 4.483672537708387, "C20": 4.572737366054893, "C21": 4.643823514006603, "C22": 4.64898016707713, "C23": 4.609618492984865, "C24": 4.563399879638868, "C25": 4.5004598569992, "C26": 4.569982094124931, "C27": 4.470836806529168, "C28": 4.450191705155786, "C29": 4.514044264390836, "C30": 4.629365132785103, "C31": 4.6234955690510615, "C32": 4.477996046693773, "C33": 4.501709575556195, "C34": 4.6684638824412765, "C35": 4.640443706168441, "C36": 4.638460212545586, "C37": 4.580697379336439, "C38": 4.599302308656011, "C39": 4.508608556606071, "C40": 4.589863638026861, "C41": 4.570029851177098, "C42": 4.545004041806186, "C43": 4.477679149662073, "C44": 4.549948934539443, "C45": 4.552405320666114, "C46": 4.458475592082978, "C47": 4.4981964596517665, "C48": 4.596866563793927, "C49": 4.627128316392403, "C50": 4.62206514253361, "C51": 4.594348930184649, "C52": 4.608515096772783, "C53": 4.5512366328430405, "C54": 4.575720259006593, "C55": 4.526931346043978, "C56": 4.470137340213842, "N1": 4.431210652119822, "N2": 4.468905046283827, "N3": 4.564042367175775, "N4": 4.5454397183633075, "N5": 4.420391704955507, "N6": 4.441916612845687, "N7": 4.543699517625016, "N8": 4.544720787092851, "N9": 4.432505979615672, "N10": 4.506101238270487, "N11": 4.534075402080856, "N12": 4.553479398750181, "N13": 4.435456493763115, "N14": 4.463477156216397, "N15": 4.567582893233972, "N16": 4.5741841210056515, "O1": 4.50612166014345, "O2": 4.5090719885605655, "O3": 4.520202644394578, "O4": 4.609997771973727, "O5": 4.481578260869917, "O6": 4.506008460982504, "O7": 4.469994101485691, "O8": 4.532649196954192, "O9": 4.504043065034995, "O10": 4.584497325140278, "O11": 4.43299663948164, "O12": 4.547843289156627, "O13": 4.507983259725488, "O14": 4.502342402586148, "O15": 4.470457996123208, "O16": 4.535064372405367, "O17": 4.476841582990865, "O18": 4.476386506100582, "O19": 4.446565951938239, "O20": 4.483179749602367, "O21": 4.450353726270407, "O22": 4.501588600890571, "O23": 4.41886073971974, "O24": 4.445600336464724, "O25": 4.461146944614716, "O26": 4.494772142795651, "O27": 4.559027571749814, "O28": 4.661492012301618, "O29": 4.424970220118223, "O30": 4.4853188994049225, "O31": 4.472744735057919, "O32": 4.482515652921923, "O33": 4.520087641290983, "O34": 4.581338407226863, "O35": 4.47904174410534, "O36": 4.5146676300266355, "O37": 4.456832229015379, "O38": 4.462943975346668, "O39": 4.470220946951043, "O40": 4.531310845424052, "O41": 4.491363118813534, "O42": 4.492253554073165, "O43": 4.451888994178138, "O44": 4.472323931144927, "O45": 4.469699853766162, "O46": 4.524131106505833, "O47": 4.435979518673291, "O48": 4.423602151909845}