{"La1": 0.9019388204391589, "La2": 0.6995725649268176, "La3": 0.8788100115330032, "La4": 0.6906240686184978, "La5": 1.0, "La6": 0.7789528664283555, "La7": 0.8648576163317592, "La8": 0.8017896797383054, "H1": 0.0, "H2": 0.0, "H3": 0.0, "H4": 0.0, "H5": 0.0, "H6": 0.0, "H7": 0.0, "H8": 0.0, "H9": 0.0, "H10": 0.0, "H11": 0.0, "H12": 0.0, "H13": 0.0, "H14": 0.0, "H15": 0.0, "H16": 0.0, "C1": 0.5546667998581565, "C2": 0.7334512181871387, "C3": 0.7670955597968364, "C4": 0.7135240587039824, "C5": 0.705609028659681, "C6": 0.7408198360171606, "C7": 0.7906255083382445, "C8": 0.6853511764794079, "C9": 0.6789957538291501, "C10": 0.765102406274438, "C11": 0.7538540769263439, "C12": 0.6923793987294263, "C13": 0.5987001901515507, "C14": 0.6559517902526761, "C15": 0.6042916149590254, "C16": 0.7718876167459282, "C17": 0.7803147436727681, "C18": 0.6926394224364341, "C19": 0.7613051278306447, "C20": 0.7701598247592115, "C21": 0.7333903674946705, "C22": 0.6481433921311537, "C23": 0.6347477715433387, "C24": 0.6872480315013765, "C25": 0.7093623336496996, "C26": 0.638814575727585, "C27": 0.6310750408408643, "C28": 0.7313325273352833, "C29": 0.6783494872948255, "C30": 0.7925417583358446, "C31": 0.7926765282606658, "C32": 0.7730183940997082, "C33": 0.7638430774542415, "C34": 0.7574325536721367, "C35": 0.7863625492543563, "C36": 0.6941602540719513, "C37": 0.680430806901697, "C38": 0.779219795927422, "C39": 0.823913592915062, "C40": 0.6790285568937309, "C41": 0.6529802004057125, "C42": 0.7163013806063045, "C43": 0.6234219032813967, "C44": 0.751503420329548, "C45": 0.7974568919113604, "C46": 0.6527561404392517, "C47": 0.6936529479415072, "C48": 0.7686862559821604, "C49": 0.7546490337797962, "C50": 0.6434538527360916, "C51": 0.6282892971580702, "C52": 0.7227620057496762, "C53": 0.739921083426994, "C54": 0.6637053897677331, "C55": 0.6636439913871781, "C56": 0.7991628874854626, "N1": 0.6868415459546623, "N2": 0.6821619344243892, "N3": 0.8607624206126053, "N4": 0.6992382800909394, "N5": 0.6891882212527181, "N6": 0.7219240770168938, "N7": 0.7591566125236634, "N8": 0.6484384917263233, "N9": 0.8290931807607571, "N10": 0.7734624388591921, "N11": 0.8491631394715102, "N12": 0.7427186574261, "N13": 0.7281604211879359, "N14": 0.7783323093567239, "N15": 0.7813795212727938, "N16": 0.6586996241911732, "O1": 0.7906746281806661, "O2": 0.7538496800000934, "O3": 0.7105844311542939, "O4": 0.6660516457293045, "O5": 0.8203843241499845, "O6": 0.6837130536959541, "O7": 0.7849422728523133, "O8": 0.6926270388050555, "O9": 0.6119517947347526, "O10": 0.6587884032375617, "O11": 0.6056764818007839, "O12": 0.8428714438198611, "O13": 0.7644788030716931, "O14": 0.7666038631424917, "O15": 0.7224886470775777, "O16": 0.7116719839830185, "O17": 0.6819825739316351, "O18": 0.609563946427196, "O19": 0.7252574114128773, "O20": 0.675436896454688, "O21": 0.5923704268194427, "O22": 0.6937526315363483, "O23": 0.6500601003873143, "O24": 0.8898051842635376, "O25": 0.800012583845698, "O26": 0.7356267059546425, "O27": 0.7449865127513183, "O28": 0.6543019758468754, "O29": 0.8681307355145822, "O30": 0.6708432840649363, "O31": 0.7565205214345835, "O32": 0.6751951596170785, "O33": 0.6312189789158632, "O34": 0.7014313231228119, "O35": 0.7368928065243178, "O36": 0.8588010282537121, "O37": 0.7564653508804207, "O38": 0.6854754321225954, "O39": 0.7471707390286153, "O40": 0.7187812436764968, "O41": 0.7918133374078969, "O42": 0.6494445171764858, "O43": 0.7930159280357565, "O44": 0.6792445728150125, "O45": 0.6593023090575288, "O46": 0.7221596224314898, "O47": 0.7409694979577303, "O48": 0.9665752989438062}