{"La1": 0.0, "La2": 0.04847994151379763, "La3": 0.0, "La4": 0.038436964928875855, "La5": 0.0, "La6": 0.07589319370293085, "La7": 0.0, "La8": 0.007376350156252208, "H1": 0.0, "H2": 0.0, "H3": 0.0, "H4": 0.0, "H5": 0.0, "H6": 0.0, "H7": 0.0, "H8": 0.0, "H9": 0.0, "H10": 0.0, "H11": 0.0, "H12": 0.0, "H13": 0.0, "H14": 0.0, "H15": 0.0, "H16": 0.0, "C1": 0.01862646148484695, "C2": 0.06537060635582805, "C3": 0.44521483608395457, "C4": 0.0, "C5": 0.0028742506788967215, "C6": 1.174016373509769, "C7": 1.7117014079186983, "C8": 0.16348205380204184, "C9": 1.5780711856268457, "C10": 0.5397265936547644, "C11": 0.14295532715678966, "C12": 0.0, "C13": 0.247958481231902, "C14": 0.0, "C15": 0.16977239330816157, "C16": 0.2081467215428262, "C17": 0.4067290518059946, "C18": 0.0, "C19": 0.0, "C20": 0.7650372858925961, "C21": 1.1742062746163957, "C22": 0.4429675066656602, "C23": 0.7999522865937192, "C24": 0.5234045329460352, "C25": 0.08346921438883464, "C26": 0.059522189719494106, "C27": 0.40646076080488797, "C28": 0.03457202293788431, "C29": 0.16298409770020164, "C30": 0.06872347408774421, "C31": 0.341205685572854, "C32": 0.0, "C33": 0.0, "C34": 0.5810543148828671, "C35": 1.7106625712311065, "C36": 0.2796181095947644, "C37": 1.300546752077975, "C38": 0.1988893907666492, "C39": 0.0392433311603271, "C40": 0.06842589051443973, "C41": 0.42931104049026775, "C42": 0.0, "C43": 0.19026492850545607, "C44": 0.3197768617149407, "C45": 0.6445302384782199, "C46": 0.0, "C47": 0.0, "C48": 1.4252181777003619, "C49": 1.7576211569489382, "C50": 0.7277459186307945, "C51": 2.7297538765787666, "C52": 0.7638599791703009, "C53": 0.07878254877390692, "C54": 0.040359134741030506, "C55": 0.2163220041801725, "C56": 0.0, "N1": 0.0, "N2": 0.0, "N3": 0.4398497595544401, "N4": 1.3375765187743267, "N5": 0.0, "N6": 0.0, "N7": 0.12440131211722502, "N8": 0.9399658511900272, "N9": 0.0, "N10": 0.0014437082788111898, "N11": 0.033771432871073905, "N12": 0.9160136898286702, "N13": 0.0, "N14": 0.0, "N15": 0.44462975042933844, "N16": 0.4547647638090111, "O1": 2.298810824684358, "O2": 0.0, "O3": 0.2390788938126418, "O4": 4.395576507199957, "O5": 0.05921431362498933, "O6": 0.0, "O7": 0.0, "O8": 0.4344573115844022, "O9": 1.3905124495595893, "O10": 1.9314002209996919, "O11": 0.0, "O12": 1.0587273891882352, "O13": 0.7256477933056661, "O14": 0.0, "O15": 0.11243752700254184, "O16": 7.211093928863534, "O17": 0.05035106289124729, "O18": 0.0, "O19": 0.0, "O20": 0.8780405445335755, "O21": 1.2891886175068064, "O22": 1.7976326545182453, "O23": 0.0006792146132432882, "O24": 2.263145087945155, "O25": 1.7188118439914712, "O26": 0.0, "O27": 0.12318993671975886, "O28": 3.1681787590032715, "O29": 0.06627642240192208, "O30": 0.0, "O31": 0.0, "O32": 0.22236242523919222, "O33": 1.6850017059276075, "O34": 2.169133144664229, "O35": 0.0, "O36": 1.0238874922741616, "O37": 2.3404674959079066, "O38": 0.0, "O39": 0.3237265851223014, "O40": 4.49613222083936, "O41": 0.001863204260285377, "O42": 0.0, "O43": 0.0, "O44": 0.3155185878106236, "O45": 1.2425685347489899, "O46": 1.5486960222538009, "O47": 0.0, "O48": 1.8546773142631403}