{"La1": 4.70375289220508, "La2": 4.709829600026678, "La3": 4.7156090074339145, "La4": 4.53545349083008, "La5": 4.646834217389194, "La6": 4.673047591715892, "La7": 4.732583100082004, "La8": 4.560452498378864, "H1": 0.0, "H2": 0.0, "H3": 0.0, "H4": 0.0, "H5": 0.0, "H6": 0.0, "H7": 0.0, "H8": 0.0, "H9": 0.0, "H10": 0.0, "H11": 0.0, "H12": 0.0, "H13": 0.0, "H14": 0.0, "H15": 0.0, "H16": 0.0, "C1": 4.716936566168317, "C2": 4.976142186510746, "C3": 4.969942350222295, "C4": 4.775952937275915, "C5": 4.886211296416536, "C6": 5.048960693326256, "C7": 4.9396820751768535, "C8": 5.090733721754293, "C9": 5.0763933862407455, "C10": 4.964343268697954, "C11": 4.942174697798458, "C12": 5.133917405142816, "C13": 4.941107164429672, "C14": 4.714868184991965, "C15": 4.7618077585240695, "C16": 5.021491701695329, "C17": 4.9912726145969, "C18": 4.816013990895082, "C19": 4.933576838269251, "C20": 5.1555020298355725, "C21": 4.904928301124289, "C22": 4.926281437718172, "C23": 4.937339295523861, "C24": 4.855393779232858, "C25": 4.896891584674373, "C26": 4.975248646957707, "C27": 4.9336584423736145, "C28": 4.6991149499622615, "C29": 4.714128315101516, "C30": 5.015871784569504, "C31": 5.037308434047685, "C32": 4.831846162259838, "C33": 4.84228492194262, "C34": 5.096329864320973, "C35": 5.015517571755745, "C36": 5.045961581337673, "C37": 5.004913925076709, "C38": 4.9766774726577525, "C39": 4.868482206972904, "C40": 5.022834343277605, "C41": 5.0211187815885605, "C42": 4.762656896590735, "C43": 4.745412827835094, "C44": 4.954208245411841, "C45": 4.929275110042459, "C46": 4.846240044009907, "C47": 4.890586607042682, "C48": 5.059490857979466, "C49": 5.004542043821322, "C50": 4.990858592281533, "C51": 5.039146033070291, "C52": 5.016328899737593, "C53": 4.957064509179133, "C54": 4.9387238156572115, "C55": 5.070220987279059, "C56": 4.713902685168643, "N1": 4.608616302225161, "N2": 4.71887500811203, "N3": 4.819225445872251, "N4": 4.818996270823091, "N5": 4.61174126955829, "N6": 4.868539235058185, "N7": 4.756197236543073, "N8": 4.759323768024391, "N9": 4.5870058635845075, "N10": 4.777435564002501, "N11": 4.859052619388868, "N12": 4.897159167377375, "N13": 4.659513699176599, "N14": 4.765987146095657, "N15": 4.9215142421017415, "N16": 4.877268234393295, "O1": 4.77630991377704, "O2": 4.737415580472867, "O3": 4.808637408984758, "O4": 4.928609512536933, "O5": 4.733184682469101, "O6": 4.793104441056409, "O7": 4.764192637064901, "O8": 4.904522847717419, "O9": 4.789346130397238, "O10": 4.713669573008402, "O11": 4.458130038348829, "O12": 4.699053424613219, "O13": 4.757437326793697, "O14": 4.678113868537386, "O15": 4.832284801464369, "O16": 4.901010805761329, "O17": 4.754525922043053, "O18": 4.81814394778785, "O19": 4.658445502752084, "O20": 4.744298861907739, "O21": 4.787445380875944, "O22": 4.749600210012872, "O23": 4.420943286065384, "O24": 4.62807183850678, "O25": 4.745164294850881, "O26": 4.7724424722037675, "O27": 4.797273694615414, "O28": 4.962890018506023, "O29": 4.759345103910749, "O30": 4.744054179867901, "O31": 4.752938250149403, "O32": 4.849000806589684, "O33": 4.785742118421843, "O34": 4.774314959370772, "O35": 4.449285115643384, "O36": 4.758130760264939, "O37": 4.741912976809058, "O38": 4.73826647493785, "O39": 4.794916766402793, "O40": 4.846597809110095, "O41": 4.80985755817624, "O42": 4.798274113000094, "O43": 4.656123916089544, "O44": 4.816659780423082, "O45": 4.829393518593346, "O46": 4.842452715752652, "O47": 4.374332608302829, "O48": 4.619381266896556}