{"La1": 0.2746812465758586, "La2": 0.2663216382044864, "La3": 0.26965861179553996, "La4": 0.26777661550288745, "La5": 0.2830870674940523, "La6": 0.28119948417929974, "La7": 0.27158454476801047, "La8": 0.2845601876009159, "H1": 0.0, "H2": 0.0, "H3": 0.0, "H4": 0.0, "H5": 0.0, "H6": 0.0, "H7": 0.0, "H8": 0.0, "H9": 0.0, "H10": 0.0, "H11": 0.0, "H12": 0.0, "H13": 0.0, "H14": 0.0, "H15": 0.0, "H16": 0.0, "C1": 0.29623124158004505, "C2": 0.2930289922731961, "C3": 0.2905577507158545, "C4": 0.27916744247543934, "C5": 0.28353658340301613, "C6": 0.30126798556870266, "C7": 0.31892701991274197, "C8": 0.3136790565944545, "C9": 0.31809751423763566, "C10": 0.31680749751121406, "C11": 0.3022181211980002, "C12": 0.2978324706496891, "C13": 0.2992635366499429, "C14": 0.2833360051305804, "C15": 0.28594824053309176, "C16": 0.2924933838425613, "C17": 0.2963471988149202, "C18": 0.2777125893088744, "C19": 0.28256712255837446, "C20": 0.3087926555007209, "C21": 0.3147148274461784, "C22": 0.30448352946804597, "C23": 0.3066246928279661, "C24": 0.297048755595193, "C25": 0.28342418624486204, "C26": 0.2945665099929156, "C27": 0.30346962863474325, "C28": 0.2975140622373822, "C29": 0.3106450243451844, "C30": 0.3079904746069086, "C31": 0.3004451061324602, "C32": 0.28143056853911425, "C33": 0.27785041163320284, "C34": 0.3226017922207485, "C35": 0.3318395883275309, "C36": 0.31710284305127273, "C37": 0.30795369371497544, "C38": 0.31491841877885857, "C39": 0.30227196859349753, "C40": 0.2882115012016726, "C41": 0.30936319876829915, "C42": 0.2984166987317421, "C43": 0.2994050949406247, "C44": 0.3031718519079195, "C45": 0.29048137701864046, "C46": 0.2727499784197588, "C47": 0.2746175233604078, "C48": 0.3141048623745589, "C49": 0.32961267621864554, "C50": 0.3123261499432213, "C51": 0.31155069974543514, "C52": 0.31715484430460905, "C53": 0.30232457404490903, "C54": 0.29804102695490514, "C55": 0.32173988890098687, "C56": 0.30159354931661647, "N1": 0.27234579610059956, "N2": 0.27469475684226774, "N3": 0.3036636539297675, "N4": 0.2943541185554397, "N5": 0.2642068813807263, "N6": 0.27956766334663785, "N7": 0.29608234934911587, "N8": 0.29844384378287675, "N9": 0.28166412704362803, "N10": 0.29963996756037076, "N11": 0.3141409760013586, "N12": 0.3112661120441461, "N13": 0.26961314145793863, "N14": 0.28986964174890095, "N15": 0.313471441468087, "N16": 0.315932525999419, "O1": 0.279238917541617, "O2": 0.27214637626550164, "O3": 0.27606373110190874, "O4": 0.30425600612076625, "O5": 0.28596860524365764, "O6": 0.28359543990741787, "O7": 0.26193524426545217, "O8": 0.29173258294593785, "O9": 0.283888146167857, "O10": 0.2807266803832913, "O11": 0.26298242119897774, "O12": 0.27205333159336653, "O13": 0.27837066410207717, "O14": 0.2785507982101023, "O15": 0.2850124512531387, "O16": 0.3076209658815555, "O17": 0.27017665360377985, "O18": 0.2658622311864559, "O19": 0.267855438664708, "O20": 0.2816597307655359, "O21": 0.291152494596206, "O22": 0.28665730556855945, "O23": 0.28193348609667856, "O24": 0.27627267058077637, "O25": 0.2710260034367665, "O26": 0.2689656980697277, "O27": 0.2985815704011794, "O28": 0.3128811633988542, "O29": 0.29523079253059037, "O30": 0.27825264110330555, "O31": 0.2651797954778321, "O32": 0.2676769013991192, "O33": 0.29381471207905896, "O34": 0.2836634980067146, "O35": 0.27923432275656407, "O36": 0.2864648637466287, "O37": 0.27225954672640856, "O38": 0.26771750384877707, "O39": 0.30232362748092234, "O40": 0.3069282635351014, "O41": 0.2870233925544064, "O42": 0.27011220393790975, "O43": 0.2707119051352407, "O44": 0.2809223631092625, "O45": 0.30764382146315883, "O46": 0.29804776042579273, "O47": 0.2858017347587117, "O48": 0.28803952771951785}