{"Ag1": 0.10771053433846978, "Ag2": 0.09903160306441912, "Ag3": 0.10501571126099148, "Ag4": 0.09950700984795006, "C1": 0.12832288446606968, "C2": 0.1667957514102411, "H1": 0.0, "H2": 0.0, "C3": 0.19375874538059054, "H3": 0.0, "H4": 0.0, "C4": 0.17090632849959606, "H5": 0.0, "H6": 0.0, "C5": 0.17283961077627724, "H7": 0.0, "H8": 0.0, "C6": 0.16572187934745183, "C7": 0.1349193099581626, "C8": 0.1694343278449552, "H9": 0.0, "H10": 0.0, "C9": 0.1870534672985954, "H11": 0.0, "H12": 0.0, "C10": 0.17809083177048185, "H13": 0.0, "H14": 0.0, "C11": 0.18233102406820953, "H15": 0.0, "H16": 0.0, "C12": 0.1728563282948401, "N1": 0.15806940603336428, "H17": 0.0, "H18": 0.0, "N2": 0.14724618821274013, "N3": 0.15763774517215864, "H19": 0.0, "H20": 0.0, "N4": 0.1361592881878933, "O1": 0.11385653845865426, "O2": 0.10865010049234791, "O3": 0.11370209180534588, "O4": 0.10816281310699646, "Ag5": 0.10351866747699638, "Ag6": 0.09954549225845594, "Ag7": 0.11098206890299152, "Ag8": 0.09563936129446461, "C13": 0.12354533713281794, "C14": 0.15839628252102073, "H21": 0.0, "H22": 0.0, "C15": 0.18666648623358045, "H23": 0.0, "H24": 0.0, "C16": 0.17802195772126422, "H25": 0.0, "H26": 0.0, "C17": 0.1807283134711412, "H27": 0.0, "H28": 0.0, "C18": 0.1766285384181811, "C19": 0.1364578448664308, "C20": 0.16309842258358742, "H29": 0.0, "H30": 0.0, "C21": 0.17488093413335556, "H31": 0.0, "H32": 0.0, "C22": 0.16962432524091814, "H33": 0.0, "H34": 0.0, "C23": 0.17297494475884478, "H35": 0.0, "H36": 0.0, "C24": 0.16255033667065238, "N5": 0.15762165911550058, "H37": 0.0, "H38": 0.0, "N6": 0.1555844850648511, "N7": 0.15003743198335875, "H39": 0.0, "H40": 0.0, "N8": 0.13034214438590946, "O5": 0.10931822118904821, "O6": 0.10740571074998022, "O7": 0.11466826655635587, "O8": 0.10578496712389411}