{"Ag1": 0.19953146505841873, "Ag2": 0.23424793273279443, "Ag3": 0.19354555531957424, "Ag4": 0.15466443173081648, "C1": 0.27093639005301795, "C2": 0.3649915094723957, "H1": 0.0, "H2": 0.0, "C3": 0.44206340001325606, "H3": 0.0, "H4": 0.0, "C4": 0.38058452921694286, "H5": 0.0, "H6": 0.0, "C5": 0.3813293679675629, "H7": 0.0, "H8": 0.0, "C6": 0.39089146932914076, "C7": 0.28674787061970125, "C8": 0.41384502138736723, "H9": 0.0, "H10": 0.0, "C9": 0.4328648342535078, "H11": 0.0, "H12": 0.0, "C10": 0.3450868271743983, "H13": 0.0, "H14": 0.0, "C11": 0.38440475777309674, "H15": 0.0, "H16": 0.0, "C12": 0.40819613741006194, "N1": 0.3465779265183587, "H17": 0.0, "H18": 0.0, "N2": 0.3160689417348886, "N3": 0.28914799461887164, "H19": 0.0, "H20": 0.0, "N4": 0.2921196908401176, "O1": 0.2279830672225253, "O2": 0.22184393316058712, "O3": 0.20277243984250015, "O4": 0.20252196052898808, "Ag5": 0.20564487568101253, "Ag6": 0.21923390569605244, "Ag7": 0.19523144740459797, "Ag8": 0.1564729673427772, "C13": 0.27602985525413465, "C14": 0.3502528854702097, "H21": 0.0, "H22": 0.0, "C15": 0.42408351741912664, "H23": 0.0, "H24": 0.0, "C16": 0.39672730899685416, "H25": 0.0, "H26": 0.0, "C17": 0.3989961389846791, "H27": 0.0, "H28": 0.0, "C18": 0.3902365050899578, "C19": 0.30618088208103744, "C20": 0.4144149926716115, "H29": 0.0, "H30": 0.0, "C21": 0.4032070212957003, "H31": 0.0, "H32": 0.0, "C22": 0.321437385167766, "H33": 0.0, "H34": 0.0, "C23": 0.37256630999525386, "H35": 0.0, "H36": 0.0, "C24": 0.39960009414917963, "N5": 0.3384409006337749, "H37": 0.0, "H38": 0.0, "N6": 0.3122304698091528, "N7": 0.2815289839601432, "H39": 0.0, "H40": 0.0, "N8": 0.3037575535571252, "O5": 0.2318779894205636, "O6": 0.23708138137493484, "O7": 0.21652892771116178, "O8": 0.2058508251862483}