{"Ag1": 1.7563464804692854, "Ag2": 1.7962313389868445, "Ag3": 1.7913224970755142, "Ag4": 1.8344390444365477, "C1": 1.9041892581542508, "C2": 2.0537008335874094, "H1": 0.0, "H2": 0.0, "C3": 2.1553196155562753, "H3": 0.0, "H4": 0.0, "C4": 2.0684806935243567, "H5": 0.0, "H6": 0.0, "C5": 1.994849260966335, "H7": 0.0, "H8": 0.0, "C6": 2.0058199034347894, "C7": 2.02200570942597, "C8": 2.1058963193363858, "H9": 0.0, "H10": 0.0, "C9": 2.126757551465467, "H11": 0.0, "H12": 0.0, "C10": 2.009814036074478, "H13": 0.0, "H14": 0.0, "C11": 1.996634649537387, "H15": 0.0, "H16": 0.0, "C12": 1.9810589595081416, "N1": 1.9856389987560692, "H17": 0.0, "H18": 0.0, "N2": 1.9444043906005621, "N3": 1.9275336791773903, "H19": 0.0, "H20": 0.0, "N4": 1.8347476104421727, "O1": 1.8202656983296184, "O2": 1.810714598155065, "O3": 1.8936352782150085, "O4": 1.8958647974356706, "Ag5": 1.7512584229498418, "Ag6": 1.7992545408971012, "Ag7": 1.7916114885507164, "Ag8": 1.8227506197169974, "C13": 1.9395643984537512, "C14": 2.0332165156387183, "H21": 0.0, "H22": 0.0, "C15": 2.1397503064267913, "H23": 0.0, "H24": 0.0, "C16": 2.095802681255666, "H25": 0.0, "H26": 0.0, "C17": 2.0263899479676195, "H27": 0.0, "H28": 0.0, "C18": 2.029283025228201, "C19": 1.999098477704722, "C20": 2.0796885135764978, "H29": 0.0, "H30": 0.0, "C21": 2.057851241976275, "H31": 0.0, "H32": 0.0, "C22": 1.9481915011041289, "H33": 0.0, "H34": 0.0, "C23": 1.9417326156759969, "H35": 0.0, "H36": 0.0, "C24": 1.9233511626306632, "N5": 2.000355590356857, "H37": 0.0, "H38": 0.0, "N6": 1.9591880884296644, "N7": 1.8832916353459992, "H39": 0.0, "H40": 0.0, "N8": 1.8237433261669014, "O5": 1.8354601892206226, "O6": 1.8113128418089721, "O7": 1.9056100394440743, "O8": 1.8793383519160343}