{"Ag1": 1.885601198383634, "Ag2": 1.8884684974643506, "Ag3": 1.9592909101627267, "Ag4": 1.903514405299425, "C1": 2.172092879022465, "C2": 2.538627553279596, "H1": 0.0, "H2": 0.0, "C3": 2.736051807277827, "H3": 0.0, "H4": 0.0, "C4": 2.5032385023219814, "H5": 0.0, "H6": 0.0, "C5": 2.4290771528233153, "H7": 0.0, "H8": 0.0, "C6": 2.3378539722999534, "C7": 2.3463857633376852, "C8": 2.71911688850322, "H9": 0.0, "H10": 0.0, "C9": 2.896178778442811, "H11": 0.0, "H12": 0.0, "C10": 2.7426007700322073, "H13": 0.0, "H14": 0.0, "C11": 2.715055020710228, "H15": 0.0, "H16": 0.0, "C12": 2.5826906131272978, "N1": 2.3242315192368994, "H17": 0.0, "H18": 0.0, "N2": 2.2118271983735935, "N3": 2.500208331596054, "H19": 0.0, "H20": 0.0, "N4": 2.1841918990691074, "O1": 1.9777351452268228, "O2": 1.9502592468133122, "O3": 2.096877888353522, "O4": 2.0325072668583517, "Ag5": 1.859848399687171, "Ag6": 1.9209636202583413, "Ag7": 1.9811418381089787, "Ag8": 1.851599159650074, "C13": 2.1574087889411815, "C14": 2.5083919904484957, "H21": 0.0, "H22": 0.0, "C15": 2.6673691624866165, "H23": 0.0, "H24": 0.0, "C16": 2.524618622251121, "H25": 0.0, "H26": 0.0, "C17": 2.478933025799036, "H27": 0.0, "H28": 0.0, "C18": 2.382773856885012, "C19": 2.367456429323859, "C20": 2.664309495830645, "H29": 0.0, "H30": 0.0, "C21": 2.7631079372339276, "H31": 0.0, "H32": 0.0, "C22": 2.563432475503458, "H33": 0.0, "H34": 0.0, "C23": 2.554942965196021, "H35": 0.0, "H36": 0.0, "C24": 2.453127112479011, "N5": 2.35783581366442, "H37": 0.0, "H38": 0.0, "N6": 2.2650508648998993, "N7": 2.3690071525863803, "H39": 0.0, "H40": 0.0, "N8": 2.140779043427793, "O5": 1.952043475019119, "O6": 1.9306222598128087, "O7": 2.0919869002464657, "O8": 2.0250113912809904}