{"Zn1": 0.7004704165546887, "Zn2": 0.7014312366374776, "Zn3": 0.7050099045346833, "Zn4": 0.6961121860741454, "H1": 0.0, "H2": 0.0, "H3": 0.0, "H4": 0.0, "H5": 0.0, "H6": 0.0, "H7": 0.0, "H8": 0.0, "H9": 0.0, "H10": 0.0, "H11": 0.0, "H12": 0.0, "H13": 0.0, "H14": 0.0, "H15": 0.0, "H16": 0.0, "H17": 0.0, "H18": 0.0, "H19": 0.0, "H20": 0.0, "H21": 0.0, "H22": 0.0, "H23": 0.0, "H24": 0.0, "H25": 0.0, "H26": 0.0, "H27": 0.0, "H28": 0.0, "H29": 0.0, "H30": 0.0, "H31": 0.0, "H32": 0.0, "H33": 0.0, "H34": 0.0, "H35": 0.0, "H36": 0.0, "H37": 0.0, "H38": 0.0, "H39": 0.0, "H40": 0.0, "H41": 0.0, "H42": 0.0, "H43": 0.0, "H44": 0.0, "H45": 0.0, "H46": 0.0, "H47": 0.0, "H48": 0.0, "H49": 0.0, "H50": 0.0, "H51": 0.0, "H52": 0.0, "H53": 0.0, "H54": 0.0, "H55": 0.0, "H56": 0.0, "H57": 0.0, "H58": 0.0, "H59": 0.0, "H60": 0.0, "H61": 0.0, "H62": 0.0, "H63": 0.0, "H64": 0.0, "C1": 0.793279451355821, "C2": 0.7103169799790884, "C3": 0.9074683743405454, "C4": 0.7248106619958661, "C5": 0.6658196972478427, "C6": 0.7038997710960991, "C7": 0.779946417677669, "C8": 0.7714368303726699, "C9": 0.7518102009267388, "C10": 0.6990534611483885, "C11": 0.759919261034398, "C12": 0.8584856074321149, "C13": 0.534269452039365, "C14": 0.7178469539842136, "C15": 0.8120484552095686, "C16": 0.7968979848282114, "C17": 0.8262823964438869, "C18": 0.8043355242786476, "C19": 0.8161356383182358, "C20": 0.7140114445113002, "C21": 0.7222605270594963, "C22": 0.813324198829455, "C23": 0.7834168564588602, "C24": 0.709486894100816, "C25": 0.7757708963119389, "C26": 0.8202646299976981, "C27": 0.7733327598452144, "C28": 0.4925176576017515, "C29": 0.7053251067272008, "C30": 0.7861866125420269, "C31": 0.6996385684246603, "C32": 0.8303201415061872, "C33": 0.6813344615113381, "C34": 0.7210530921678883, "C35": 0.789378809921482, "C36": 0.6999331255532506, "C37": 0.7892310860766738, "C38": 0.7113575541480616, "C39": 0.7089633263172586, "C40": 0.7056457818882386, "C41": 0.7172674612727962, "C42": 0.7157931990625415, "C43": 0.795489615318004, "C44": 0.8131620485721648, "C45": 0.7757994128358435, "C46": 0.8767393019783712, "C47": 0.8058659478017185, "C48": 0.7220128076143064, "C49": 0.8169129584792371, "C50": 0.7517143897770842, "C51": 0.7568715909316126, "C52": 0.7247714599144591, "C53": 0.7869948874289427, "C54": 0.8745866937611753, "C55": 0.676895616427963, "C56": 0.672308054076415, "C57": 0.8076209819744029, "C58": 0.8137254219238689, "C59": 0.7256700377703039, "C60": 0.7070452326897616, "C61": 0.79897914129116, "C62": 0.714906815841852, "C63": 0.7279531350347971, "C64": 0.7493289378373376, "C65": 0.7156827374088067, "C66": 0.7165438121389363, "C67": 0.7077696617721513, "C68": 0.824745355017133, "C69": 0.7968629343839079, "C70": 0.7943185798939967, "C71": 0.70075754611037, "C72": 0.7121601857013861, "N1": 0.7220346992995422, "N2": 0.7070430460695165, "N3": 0.7535360879128303, "N4": 0.7635997492371402, "N5": 0.7279082005287764, "N6": 0.7155934744311347, "N7": 0.7102530483797775, "N8": 0.723374012358547, "N9": 0.7090736930108018, "N10": 0.7094937106766721, "N11": 0.7755566145780222, "N12": 0.7225039642662445, "N13": 0.7145062108003799, "N14": 0.7173999442019016, "N15": 0.7449757046762835, "N16": 0.720577349592362, "O1": 0.8636288631999243, "O2": 0.7083048927571565, "O3": 0.7787812928565554, "O4": 0.6134873125015848, "O5": 0.7435300541878397, "O6": 0.7385567842102707, "O7": 0.8730365492932595, "O8": 0.6102899225962352, "O9": 0.7197007588720429, "O10": 0.8228756270114532, "O11": 0.7168845401336853, "O12": 0.7142745700006998, "O13": 0.746566154593353, "O14": 0.7484539465101713, "O15": 0.7990247193957296, "O16": 0.7448648622352617, "Zn5": 0.6940191265771591, "Zn6": 0.7068076013769924, "Zn7": 0.695484411242427, "Zn8": 0.7118938305745881, "H65": 0.0, "H66": 0.0, "H67": 0.0, "H68": 0.0, "H69": 0.0, "H70": 0.0, "H71": 0.0, "H72": 0.0, "H73": 0.0, "H74": 0.0, "H75": 0.0, "H76": 0.0, "H77": 0.0, "H78": 0.0, "H79": 0.0, "H80": 0.0, "H81": 0.0, "H82": 0.0, "H83": 0.0, "H84": 0.0, "H85": 0.0, "H86": 0.0, "H87": 0.0, "H88": 0.0, "H89": 0.0, "H90": 0.0, "H91": 0.0, "H92": 0.0, "H93": 0.0, "H94": 0.0, "H95": 0.0, "H96": 0.0, "H97": 0.0, "H98": 0.0, "H99": 0.0, "H100": 0.0, "H101": 0.0, "H102": 0.0, "H103": 0.0, "H104": 0.0, "H105": 0.0, "H106": 0.0, "H107": 0.0, "H108": 0.0, "H109": 0.0, "H110": 0.0, "H111": 0.0, "H112": 0.0, "H113": 0.0, "H114": 0.0, "H115": 0.0, "H116": 0.0, "H117": 0.0, "H118": 0.0, "H119": 0.0, "H120": 0.0, "H121": 0.0, "H122": 0.0, "H123": 0.0, "H124": 0.0, "H125": 0.0, "H126": 0.0, "H127": 0.0, "H128": 0.0, "C73": 0.768985941703988, "C74": 0.7042397596182834, "C75": 0.8058250901959919, "C76": 0.80843756066225, "C77": 0.7181207515452452, "C78": 0.698533003737492, "C79": 0.8694849202375644, "C80": 0.8023702880683728, "C81": 0.8185353716693256, "C82": 0.8103695049993823, "C83": 0.7185297993512619, "C84": 0.8178733063989722, "C85": 0.8077029979496121, "C86": 0.8001054308078659, "C87": 0.8046334334685254, "C88": 0.7730996453561427, "C89": 0.7038601731434432, "C90": 0.711215855144261, "C91": 0.72854888065337, "C92": 0.7116966508718339, "C93": 0.7905986225160007, "C94": 0.8011237819565091, "C95": 0.7271484138129496, "C96": 0.7381778417582254, "C97": 0.7249278943742332, "C98": 0.8031928401740718, "C99": 0.8661776950366903, "C100": 0.7819374191023527, "C101": 0.7958433370408765, "C102": 0.5011755920523897, "C103": 0.7632831651294143, "C104": 0.7051290858339424, "C105": 0.7065426779007415, "C106": 0.8086048550070897, "C107": 0.8613339259406405, "C108": 0.7006220940832952, "C109": 0.7297854138996746, "C110": 0.7145960680078592, "C111": 0.8823511399582104, "C112": 0.8092278282462816, "C113": 0.8131680403381418, "C114": 0.6884202436165714, "C115": 0.8098449445313178, "C116": 0.8076117839473187, "C117": 0.7279506539030862, "C118": 0.7237685251836511, "C119": 0.754412605596705, "C120": 0.7196794651793057, "C121": 0.7198052024333526, "C122": 0.7125438734145835, "C123": 0.7266949028878279, "C124": 0.7472384538967402, "C125": 0.7084485752350786, "C126": 0.5029777655893939, "C127": 0.7125072731234201, "C128": 0.7607313626816968, "C129": 0.7964016658305297, "C130": 0.6939777021436747, "C131": 0.6977174032884149, "C132": 0.8132251582821092, "C133": 0.8348514572554647, "C134": 0.8072164668843185, "C135": 0.7121382096519497, "C136": 0.7247554686006159, "C137": 0.7983849446891438, "C138": 0.8253632606601922, "C139": 0.7105838097515633, "C140": 0.7489249392624572, "C141": 0.7121918468389613, "C142": 0.7351019150770817, "C143": 0.7937522524965966, "C144": 0.8099649848314338, "N17": 0.7077653224113736, "N18": 0.7201807204429894, "N19": 0.7168193088130568, "N20": 0.7124913392755119, "N21": 0.7170904037255733, "N22": 0.7227522123982493, "N23": 0.7186040103490978, "N24": 0.7450241794973426, "N25": 0.7487985351201069, "N26": 0.721409197956199, "N27": 0.7745479402042856, "N28": 0.7068057423258269, "N29": 0.7736936468062551, "N30": 0.7260836836890368, "N31": 0.7205449049732088, "N32": 0.7154236636402347, "O17": 0.7205756077674814, "O18": 0.7387192181033122, "O19": 0.801490843553811, "O20": 0.8001336781296005, "O21": 0.7371281431409817, "O22": 0.5995515067494772, "O23": 0.7260430290738413, "O24": 0.7669471549073624, "O25": 0.7094641837391016, "O26": 0.8645672905174067, "O27": 0.7072822970158561, "O28": 0.6315718465536115, "O29": 0.8658522482079091, "O30": 0.7571395865005448, "O31": 0.7514252021970428, "O32": 0.7400484358976338}