{"Zn1": 5.473514580206323, "Zn2": 5.468379062750756, "Zn3": 5.478728185311028, "Zn4": 5.460678084941218, "H1": 0.0, "H2": 0.0, "H3": 0.0, "H4": 0.0, "H5": 0.0, "H6": 0.0, "H7": 0.0, "H8": 0.0, "H9": 0.0, "H10": 0.0, "H11": 0.0, "H12": 0.0, "H13": 0.0, "H14": 0.0, "H15": 0.0, "H16": 0.0, "H17": 0.0, "H18": 0.0, "H19": 0.0, "H20": 0.0, "H21": 0.0, "H22": 0.0, "H23": 0.0, "H24": 0.0, "H25": 0.0, "H26": 0.0, "H27": 0.0, "H28": 0.0, "H29": 0.0, "H30": 0.0, "H31": 0.0, "H32": 0.0, "H33": 0.0, "H34": 0.0, "H35": 0.0, "H36": 0.0, "H37": 0.0, "H38": 0.0, "H39": 0.0, "H40": 0.0, "H41": 0.0, "H42": 0.0, "H43": 0.0, "H44": 0.0, "H45": 0.0, "H46": 0.0, "H47": 0.0, "H48": 0.0, "H49": 0.0, "H50": 0.0, "H51": 0.0, "H52": 0.0, "H53": 0.0, "H54": 0.0, "H55": 0.0, "H56": 0.0, "H57": 0.0, "H58": 0.0, "H59": 0.0, "H60": 0.0, "H61": 0.0, "H62": 0.0, "H63": 0.0, "H64": 0.0, "C1": 5.631925992085904, "C2": 5.516526297744668, "C3": 5.557768588538244, "C4": 5.537050790477014, "C5": 5.5067165120233295, "C6": 5.484614155860824, "C7": 5.615407009788552, "C8": 5.567552614358885, "C9": 5.585302386668537, "C10": 5.499386332954366, "C11": 5.601812143272468, "C12": 5.63767179900728, "C13": 5.26500749643498, "C14": 5.522271785865052, "C15": 5.6576080654706375, "C16": 5.675013157757338, "C17": 5.632998185417933, "C18": 5.5915815989134146, "C19": 5.6076676238573055, "C20": 5.485163512298765, "C21": 5.552605704571449, "C22": 5.642785208658724, "C23": 5.632550384757244, "C24": 5.4980349685038545, "C25": 5.553565102830503, "C26": 5.6067064039071, "C27": 5.555313789752176, "C28": 5.207707474650821, "C29": 5.513163260088987, "C30": 5.605206276223631, "C31": 5.486745170749099, "C32": 5.5769114069266, "C33": 5.4940723687666235, "C34": 5.52639188769185, "C35": 5.560820192440319, "C36": 5.498247661924929, "C37": 5.594576586493371, "C38": 5.504022568062611, "C39": 5.537086808748977, "C40": 5.497968196553255, "C41": 5.521213176330451, "C42": 5.51940685878295, "C43": 5.55720212119465, "C44": 5.6041402876717115, "C45": 5.642260248128266, "C46": 5.520925512371028, "C47": 5.589759241649064, "C48": 5.547459561689709, "C49": 5.587840400317635, "C50": 5.582337418495493, "C51": 5.582921015370473, "C52": 5.519098474749914, "C53": 5.58844462552529, "C54": 5.651762470535621, "C55": 5.517109664221889, "C56": 5.520888946906893, "C57": 5.605676345520073, "C58": 5.59158814332107, "C59": 5.511131510214168, "C60": 5.493088872698655, "C61": 5.617800896711588, "C62": 5.474625442548275, "C63": 5.51171259961621, "C64": 5.57025408935713, "C65": 5.48936370822733, "C66": 5.501467500260543, "C67": 5.48312261522946, "C68": 5.610003706505173, "C69": 5.672243337933817, "C70": 5.553257053885169, "C71": 5.49604250314058, "C72": 5.5055269137541885, "N1": 5.509991313270411, "N2": 5.488337222557536, "N3": 5.561484813731237, "N4": 5.5426273768196666, "N5": 5.497496889219758, "N6": 5.548153097866346, "N7": 5.4967226554495205, "N8": 5.505434938522629, "N9": 5.511242846306052, "N10": 5.5135018357220025, "N11": 5.562284929012099, "N12": 5.528499726742594, "N13": 5.522027496919176, "N14": 5.540537278231909, "N15": 5.553718997033885, "N16": 5.497944509441753, "O1": 5.618845055193619, "O2": 5.495444518566587, "O3": 5.598369274740647, "O4": 5.334470969449354, "O5": 5.557322520545761, "O6": 5.558263061080499, "O7": 5.627345440824168, "O8": 5.322274782022386, "O9": 5.5367301919570275, "O10": 5.601968583874031, "O11": 5.5403319899398324, "O12": 5.517238354754859, "O13": 5.534768454064958, "O14": 5.577697028985823, "O15": 5.569521844058833, "O16": 5.526775998349295, "Zn5": 5.465809934317827, "Zn6": 5.473907739921206, "Zn7": 5.460643536733389, "Zn8": 5.467738964238008, "H65": 0.0, "H66": 0.0, "H67": 0.0, "H68": 0.0, "H69": 0.0, "H70": 0.0, "H71": 0.0, "H72": 0.0, "H73": 0.0, "H74": 0.0, "H75": 0.0, "H76": 0.0, "H77": 0.0, "H78": 0.0, "H79": 0.0, "H80": 0.0, "H81": 0.0, "H82": 0.0, "H83": 0.0, "H84": 0.0, "H85": 0.0, "H86": 0.0, "H87": 0.0, "H88": 0.0, "H89": 0.0, "H90": 0.0, "H91": 0.0, "H92": 0.0, "H93": 0.0, "H94": 0.0, "H95": 0.0, "H96": 0.0, "H97": 0.0, "H98": 0.0, "H99": 0.0, "H100": 0.0, "H101": 0.0, "H102": 0.0, "H103": 0.0, "H104": 0.0, "H105": 0.0, "H106": 0.0, "H107": 0.0, "H108": 0.0, "H109": 0.0, "H110": 0.0, "H111": 0.0, "H112": 0.0, "H113": 0.0, "H114": 0.0, "H115": 0.0, "H116": 0.0, "H117": 0.0, "H118": 0.0, "H119": 0.0, "H120": 0.0, "H121": 0.0, "H122": 0.0, "H123": 0.0, "H124": 0.0, "H125": 0.0, "H126": 0.0, "H127": 0.0, "H128": 0.0, "C73": 5.612273562218892, "C74": 5.487894126527301, "C75": 5.555002725314381, "C76": 5.573967833940796, "C77": 5.513033082475392, "C78": 5.487298559829245, "C79": 5.586151616737721, "C80": 5.622446221802847, "C81": 5.620083466131166, "C82": 5.626197350882721, "C83": 5.536830779644822, "C84": 5.596981204033657, "C85": 5.6178605107060875, "C86": 5.623630575996023, "C87": 5.5797630405759095, "C88": 5.598487521902856, "C89": 5.497231377827436, "C90": 5.488988370971047, "C91": 5.505356420504766, "C92": 5.496689066668853, "C93": 5.647221713866564, "C94": 5.584119505559802, "C95": 5.508839887477058, "C96": 5.546896795076782, "C97": 5.5513244415650504, "C98": 5.604350177525207, "C99": 5.693302531860894, "C100": 5.52152355236508, "C101": 5.618489495024496, "C102": 5.252734863655427, "C103": 5.613218294997154, "C104": 5.504988463072138, "C105": 5.496687421465367, "C106": 5.619671113757374, "C107": 5.681410457259015, "C108": 5.489140601623825, "C109": 5.546417137654523, "C110": 5.515958655246352, "C111": 5.578497975572383, "C112": 5.6722393196509024, "C113": 5.642678502001519, "C114": 5.513123601585195, "C115": 5.607219106193737, "C116": 5.592638974506896, "C117": 5.529284716498525, "C118": 5.521115455350678, "C119": 5.576637882516521, "C120": 5.511196439482193, "C121": 5.537097178546651, "C122": 5.522072664405556, "C123": 5.507693199423503, "C124": 5.568083655805519, "C125": 5.510556742197763, "C126": 5.2946596443171, "C127": 5.497244556624123, "C128": 5.582357806560765, "C129": 5.533090977847269, "C130": 5.503440022394538, "C131": 5.497688854599042, "C132": 5.650117035632002, "C133": 5.645034738356701, "C134": 5.624548144348091, "C135": 5.5076341277144785, "C136": 5.494014794376412, "C137": 5.548864290645702, "C138": 5.599847532670665, "C139": 5.484653282213829, "C140": 5.587721880068559, "C141": 5.484792242256568, "C142": 5.492663959494344, "C143": 5.543446219876116, "C144": 5.629780850850399, "N17": 5.502287937433806, "N18": 5.513165209665906, "N19": 5.503650003050517, "N20": 5.519007901518872, "N21": 5.486230282421721, "N22": 5.489213656315536, "N23": 5.519371754010617, "N24": 5.554756958819427, "N25": 5.5545856952779555, "N26": 5.511888693007176, "N27": 5.550703083443359, "N28": 5.499480457090957, "N29": 5.542619995302018, "N30": 5.533442288718085, "N31": 5.527875304098118, "N32": 5.5358747126298855, "O17": 5.533936344634822, "O18": 5.554080271041299, "O19": 5.605468292275465, "O20": 5.605091934481503, "O21": 5.5486059387506215, "O22": 5.253304176219363, "O23": 5.529931143455328, "O24": 5.590949873335379, "O25": 5.4880733248626115, "O26": 5.6872215795010765, "O27": 5.495826316222255, "O28": 5.334539878855097, "O29": 5.670019906599556, "O30": 5.589173580969082, "O31": 5.525193001671583, "O32": 5.498343405817757}