{"Zn1": 5.487590586163356, "Zn2": 5.462812733564615, "Zn3": 5.492521268135253, "Zn4": 5.464271233271215, "H1": 0.0, "H2": 0.0, "H3": 0.0, "H4": 0.0, "H5": 0.0, "H6": 0.0, "H7": 0.0, "H8": 0.0, "H9": 0.0, "H10": 0.0, "H11": 0.0, "H12": 0.0, "H13": 0.0, "H14": 0.0, "H15": 0.0, "H16": 0.0, "H17": 0.0, "H18": 0.0, "H19": 0.0, "H20": 0.0, "H21": 0.0, "H22": 0.0, "H23": 0.0, "H24": 0.0, "H25": 0.0, "H26": 0.0, "H27": 0.0, "H28": 0.0, "H29": 0.0, "H30": 0.0, "H31": 0.0, "H32": 0.0, "H33": 0.0, "H34": 0.0, "H35": 0.0, "H36": 0.0, "H37": 0.0, "H38": 0.0, "H39": 0.0, "H40": 0.0, "H41": 0.0, "H42": 0.0, "H43": 0.0, "H44": 0.0, "H45": 0.0, "H46": 0.0, "H47": 0.0, "H48": 0.0, "H49": 0.0, "H50": 0.0, "H51": 0.0, "H52": 0.0, "H53": 0.0, "H54": 0.0, "H55": 0.0, "H56": 0.0, "H57": 0.0, "H58": 0.0, "H59": 0.0, "H60": 0.0, "H61": 0.0, "H62": 0.0, "H63": 0.0, "H64": 0.0, "C1": 5.52864278833551, "C2": 5.461998675305346, "C3": 5.540597934203534, "C4": 5.50030979230476, "C5": 5.479464670029006, "C6": 5.479948048725966, "C7": 5.518051239660461, "C8": 5.523627782754721, "C9": 5.5302893673287015, "C10": 5.453267511605989, "C11": 5.503729427449715, "C12": 5.55533663040736, "C13": 5.409433060019549, "C14": 5.499854898978285, "C15": 5.555493337224651, "C16": 5.569692456400816, "C17": 5.554405821713855, "C18": 5.51930472236924, "C19": 5.535497088548488, "C20": 5.4511333092471315, "C21": 5.495609501322298, "C22": 5.543477871900337, "C23": 5.5183461997745935, "C24": 5.490204397549558, "C25": 5.52896320568996, "C26": 5.523477547362864, "C27": 5.477078022736052, "C28": 5.384946694098077, "C29": 5.487271414022863, "C30": 5.523271863887677, "C31": 5.477343319211224, "C32": 5.534088674803078, "C33": 5.481682814638902, "C34": 5.489401552667637, "C35": 5.51521348545655, "C36": 5.480965509295213, "C37": 5.532392086454125, "C38": 5.496591839745108, "C39": 5.497260358592182, "C40": 5.486512136910501, "C41": 5.5029139179980655, "C42": 5.511736112131112, "C43": 5.480523165687779, "C44": 5.539852692441933, "C45": 5.5178956395502325, "C46": 5.5216545912219095, "C47": 5.523843295057043, "C48": 5.48678379447461, "C49": 5.5252174081600085, "C50": 5.518297451908477, "C51": 5.522794438120441, "C52": 5.509567287273307, "C53": 5.521521616499574, "C54": 5.5525110318478275, "C55": 5.486625528536203, "C56": 5.475395316335067, "C57": 5.535950522059294, "C58": 5.5297262138056436, "C59": 5.497761577845053, "C60": 5.485748525042353, "C61": 5.521676604946903, "C62": 5.478428782071769, "C63": 5.472844143045389, "C64": 5.513781002113503, "C65": 5.478242906384471, "C66": 5.479882931467404, "C67": 5.453911695747238, "C68": 5.52424051748476, "C69": 5.560468529910789, "C70": 5.51279191920343, "C71": 5.465885957703098, "C72": 5.476951897435397, "N1": 5.486565283875844, "N2": 5.50167697831465, "N3": 5.516475487865003, "N4": 5.504516541069096, "N5": 5.485815288038549, "N6": 5.48894673536485, "N7": 5.501640890403233, "N8": 5.482047983721317, "N9": 5.495331043013701, "N10": 5.495435644474272, "N11": 5.511657079961834, "N12": 5.499390946934579, "N13": 5.491792173942228, "N14": 5.4948887148208945, "N15": 5.506807995999768, "N16": 5.482872378532113, "O1": 5.5340345106333855, "O2": 5.472227699287646, "O3": 5.5280547295223865, "O4": 5.42583027761382, "O5": 5.497819769638915, "O6": 5.4976295675810025, "O7": 5.547068835236395, "O8": 5.424328888293742, "O9": 5.479018102625199, "O10": 5.520071720293072, "O11": 5.479677564245964, "O12": 5.461980233458094, "O13": 5.503585912004245, "O14": 5.519846853008163, "O15": 5.510640766310012, "O16": 5.504453312858914, "Zn5": 5.4625150514181495, "Zn6": 5.488934651449698, "Zn7": 5.466088736597886, "Zn8": 5.490303900129933, "H65": 0.0, "H66": 0.0, "H67": 0.0, "H68": 0.0, "H69": 0.0, "H70": 0.0, "H71": 0.0, "H72": 0.0, "H73": 0.0, "H74": 0.0, "H75": 0.0, "H76": 0.0, "H77": 0.0, "H78": 0.0, "H79": 0.0, "H80": 0.0, "H81": 0.0, "H82": 0.0, "H83": 0.0, "H84": 0.0, "H85": 0.0, "H86": 0.0, "H87": 0.0, "H88": 0.0, "H89": 0.0, "H90": 0.0, "H91": 0.0, "H92": 0.0, "H93": 0.0, "H94": 0.0, "H95": 0.0, "H96": 0.0, "H97": 0.0, "H98": 0.0, "H99": 0.0, "H100": 0.0, "H101": 0.0, "H102": 0.0, "H103": 0.0, "H104": 0.0, "H105": 0.0, "H106": 0.0, "H107": 0.0, "H108": 0.0, "H109": 0.0, "H110": 0.0, "H111": 0.0, "H112": 0.0, "H113": 0.0, "H114": 0.0, "H115": 0.0, "H116": 0.0, "H117": 0.0, "H118": 0.0, "H119": 0.0, "H120": 0.0, "H121": 0.0, "H122": 0.0, "H123": 0.0, "H124": 0.0, "H125": 0.0, "H126": 0.0, "H127": 0.0, "H128": 0.0, "C73": 5.509671870172223, "C74": 5.458062861112819, "C75": 5.533381687016691, "C76": 5.5263787146162535, "C77": 5.502878544426261, "C78": 5.4871077826767, "C79": 5.539506324540761, "C80": 5.532701708297388, "C81": 5.5457425240810965, "C82": 5.534125586421959, "C83": 5.492736936085836, "C84": 5.533409973938925, "C85": 5.533180272745669, "C86": 5.535107176361356, "C87": 5.516000924373413, "C88": 5.501558892342189, "C89": 5.480088268681857, "C90": 5.482918947648077, "C91": 5.487718423835288, "C92": 5.465571764112979, "C93": 5.5430965742710425, "C94": 5.514113660286691, "C95": 5.486598680491068, "C96": 5.495827814386991, "C97": 5.485294982415549, "C98": 5.53210712756757, "C99": 5.564479750583461, "C100": 5.532717915546705, "C101": 5.516363030636868, "C102": 5.388455401656151, "C103": 5.520074088311791, "C104": 5.451339026076561, "C105": 5.465097153045781, "C106": 5.537087982997056, "C107": 5.563681107556737, "C108": 5.481631633982517, "C109": 5.488460265644745, "C110": 5.4809134436864175, "C111": 5.538523856178145, "C112": 5.5687794534637, "C113": 5.535841541380377, "C114": 5.474405335327706, "C115": 5.52681111089292, "C116": 5.531782638381176, "C117": 5.495774723709673, "C118": 5.5062975481879235, "C119": 5.522576716778202, "C120": 5.440701326339379, "C121": 5.484484380567561, "C122": 5.477972356678993, "C123": 5.459824733543558, "C124": 5.509565392979695, "C125": 5.470207884694289, "C126": 5.406558369448853, "C127": 5.465464551851362, "C128": 5.526570955385881, "C129": 5.474466083829931, "C130": 5.480623658837874, "C131": 5.478345698469576, "C132": 5.551643729300544, "C133": 5.547474135895997, "C134": 5.533729076050806, "C135": 5.46666017302673, "C136": 5.439161137505683, "C137": 5.486896997750705, "C138": 5.529096733461442, "C139": 5.481209948330088, "C140": 5.511638975799819, "C141": 5.463574797764812, "C142": 5.464539880213032, "C143": 5.530073884434802, "C144": 5.531990669812925, "N17": 5.501763531615532, "N18": 5.486496167287932, "N19": 5.4838628650808126, "N20": 5.4860650627014325, "N21": 5.490497428316315, "N22": 5.487059931505037, "N23": 5.477731659491503, "N24": 5.503767112817823, "N25": 5.51519304337683, "N26": 5.494169801679981, "N27": 5.512188856778827, "N28": 5.500273382465443, "N29": 5.502544305244949, "N30": 5.499035659396041, "N31": 5.486655474151319, "N32": 5.490672347435542, "O17": 5.4748314770211515, "O18": 5.502894125960592, "O19": 5.515878281968955, "O20": 5.523610998047466, "O21": 5.502426890588527, "O22": 5.413260844571429, "O23": 5.489233748139011, "O24": 5.530055968037813, "O25": 5.465963501635347, "O26": 5.554126291613916, "O27": 5.472792501495607, "O28": 5.428712830955924, "O29": 5.5528629697153065, "O30": 5.5216728990861625, "O31": 5.496441370334553, "O32": 5.491140848391421}