{"Zn1": 0.704844931193934, "Zn2": 0.6908038190398785, "Zn3": 0.7065849311149246, "Zn4": 0.6902697619525114, "H1": 0.0, "H2": 0.0, "H3": 0.0, "H4": 0.0, "H5": 0.0, "H6": 0.0, "H7": 0.0, "H8": 0.0, "H9": 0.0, "H10": 0.0, "H11": 0.0, "H12": 0.0, "H13": 0.0, "H14": 0.0, "H15": 0.0, "H16": 0.0, "H17": 0.0, "H18": 0.0, "H19": 0.0, "H20": 0.0, "H21": 0.0, "H22": 0.0, "H23": 0.0, "H24": 0.0, "H25": 0.0, "H26": 0.0, "H27": 0.0, "H28": 0.0, "H29": 0.0, "H30": 0.0, "H31": 0.0, "H32": 0.0, "H33": 0.0, "H34": 0.0, "H35": 0.0, "H36": 0.0, "H37": 0.0, "H38": 0.0, "H39": 0.0, "H40": 0.0, "H41": 0.0, "H42": 0.0, "H43": 0.0, "H44": 0.0, "H45": 0.0, "H46": 0.0, "H47": 0.0, "H48": 0.0, "H49": 0.0, "H50": 0.0, "H51": 0.0, "H52": 0.0, "H53": 0.0, "H54": 0.0, "H55": 0.0, "H56": 0.0, "H57": 0.0, "H58": 0.0, "H59": 0.0, "H60": 0.0, "H61": 0.0, "H62": 0.0, "H63": 0.0, "H64": 0.0, "C1": 0.7240070210030694, "C2": 0.6852303328357578, "C3": 0.7225616615899753, "C4": 0.694869937321522, "C5": 0.687642908572307, "C6": 0.6898098769059975, "C7": 0.7210661474648039, "C8": 0.7100099986259106, "C9": 0.6991735938044963, "C10": 0.6941402012620301, "C11": 0.7181846892956727, "C12": 0.7321349832515962, "C13": 0.6425928491213393, "C14": 0.6953706599682459, "C15": 0.7284963540919364, "C16": 0.7328765052350475, "C17": 0.7357519176786183, "C18": 0.7131953396952696, "C19": 0.7236518282991169, "C20": 0.6913898838566953, "C21": 0.690611103139019, "C22": 0.7282296680229646, "C23": 0.7207285882070721, "C24": 0.6961975323907053, "C25": 0.7107612546653959, "C26": 0.7158677748604125, "C27": 0.6945987060345391, "C28": 0.626855074478994, "C29": 0.6880746691320221, "C30": 0.7228302282219887, "C31": 0.6895920999386539, "C32": 0.7257841308623458, "C33": 0.6894875001461083, "C34": 0.6903017365164763, "C35": 0.721841761193881, "C36": 0.6868060319801346, "C37": 0.720876754881312, "C38": 0.6894677080625201, "C39": 0.6935725822460632, "C40": 0.6955469124650129, "C41": 0.6908899350406966, "C42": 0.6934956465922091, "C43": 0.6943990390714455, "C44": 0.7280483821413781, "C45": 0.7198057262807676, "C46": 0.7137121886927863, "C47": 0.7289079128576323, "C48": 0.6911091139278475, "C49": 0.7293783831317828, "C50": 0.6980638635471197, "C51": 0.7000596059979197, "C52": 0.697265320102859, "C53": 0.7159514472926982, "C54": 0.7334593020650655, "C55": 0.6885665124661053, "C56": 0.6884863892234879, "C57": 0.7282381310311397, "C58": 0.7277135877772218, "C59": 0.6903544989336372, "C60": 0.6878553653464705, "C61": 0.7265075491756302, "C62": 0.6915405040335523, "C63": 0.6849800103745077, "C64": 0.6993237613618972, "C65": 0.6908347729002354, "C66": 0.6905972760955494, "C67": 0.6903572482674223, "C68": 0.7371273726627391, "C69": 0.7354349447286573, "C70": 0.7139084215381174, "C71": 0.6954202082115213, "C72": 0.6917381618741406, "N1": 0.6935495735074557, "N2": 0.6936736688263654, "N3": 0.7093509092148985, "N4": 0.7169396035184756, "N5": 0.6985463928374767, "N6": 0.7013116636294376, "N7": 0.6973290239727273, "N8": 0.6916237312508059, "N9": 0.6933357741428376, "N10": 0.6935116467778676, "N11": 0.7185115074413775, "N12": 0.7018701964946058, "N13": 0.7007618497118164, "N14": 0.7017702205020515, "N15": 0.7079793537277658, "N16": 0.6957294059330629, "O1": 0.724550525151456, "O2": 0.6971279055295441, "O3": 0.7400255947066474, "O4": 0.6549785522970148, "O5": 0.7101700609288303, "O6": 0.7102605107879739, "O7": 0.7298245509832324, "O8": 0.6500949612008156, "O9": 0.6982905089017276, "O10": 0.7305833956036145, "O11": 0.6994627643965159, "O12": 0.6965164981071847, "O13": 0.7017634488465456, "O14": 0.7284872577867233, "O15": 0.7234627801115527, "O16": 0.7006602251162979, "Zn5": 0.6901218922282966, "Zn6": 0.7056028085744567, "Zn7": 0.6902939282788616, "Zn8": 0.7046466243251536, "H65": 0.0, "H66": 0.0, "H67": 0.0, "H68": 0.0, "H69": 0.0, "H70": 0.0, "H71": 0.0, "H72": 0.0, "H73": 0.0, "H74": 0.0, "H75": 0.0, "H76": 0.0, "H77": 0.0, "H78": 0.0, "H79": 0.0, "H80": 0.0, "H81": 0.0, "H82": 0.0, "H83": 0.0, "H84": 0.0, "H85": 0.0, "H86": 0.0, "H87": 0.0, "H88": 0.0, "H89": 0.0, "H90": 0.0, "H91": 0.0, "H92": 0.0, "H93": 0.0, "H94": 0.0, "H95": 0.0, "H96": 0.0, "H97": 0.0, "H98": 0.0, "H99": 0.0, "H100": 0.0, "H101": 0.0, "H102": 0.0, "H103": 0.0, "H104": 0.0, "H105": 0.0, "H106": 0.0, "H107": 0.0, "H108": 0.0, "H109": 0.0, "H110": 0.0, "H111": 0.0, "H112": 0.0, "H113": 0.0, "H114": 0.0, "H115": 0.0, "H116": 0.0, "H117": 0.0, "H118": 0.0, "H119": 0.0, "H120": 0.0, "H121": 0.0, "H122": 0.0, "H123": 0.0, "H124": 0.0, "H125": 0.0, "H126": 0.0, "H127": 0.0, "H128": 0.0, "C73": 0.7237126760626881, "C74": 0.6972918165051261, "C75": 0.7225432959140189, "C76": 0.7230128322389007, "C77": 0.6922805181737031, "C78": 0.69034951184708, "C79": 0.7241132382641514, "C80": 0.7249864046598506, "C81": 0.7347164186105966, "C82": 0.7360633049167846, "C83": 0.6959306848206007, "C84": 0.7286777446647705, "C85": 0.7263122891614424, "C86": 0.7159663425050011, "C87": 0.7214387998153615, "C88": 0.7109688492425728, "C89": 0.69044715952461, "C90": 0.6962873486920966, "C91": 0.689231493503789, "C92": 0.6914363987330696, "C93": 0.7195895739670828, "C94": 0.7178913397465786, "C95": 0.6884780652912186, "C96": 0.6942995986564632, "C97": 0.6927149723648748, "C98": 0.7324702538528003, "C99": 0.7385393398295519, "C100": 0.7068368152174351, "C101": 0.7174890214266232, "C102": 0.6290639970085703, "C103": 0.7223649519019256, "C104": 0.6990936795502953, "C105": 0.6866592877411098, "C106": 0.718661511913127, "C107": 0.7365457120311995, "C108": 0.6903680860125163, "C109": 0.6950461793037778, "C110": 0.6899903669268423, "C111": 0.7262253629935261, "C112": 0.7284642255548928, "C113": 0.718913289708969, "C114": 0.690180656913896, "C115": 0.7316765081923697, "C116": 0.7272840698869701, "C117": 0.6959073540775816, "C118": 0.6936284251948679, "C119": 0.7030443224154922, "C120": 0.6911960377066568, "C121": 0.6931354259830224, "C122": 0.689015690370035, "C123": 0.688088485646426, "C124": 0.6975986332290828, "C125": 0.689414156856504, "C126": 0.6412653416662895, "C127": 0.69254406178716, "C128": 0.7014832809891142, "C129": 0.6962425611063675, "C130": 0.690140075331408, "C131": 0.6896575458980457, "C132": 0.7412904682216388, "C133": 0.7268495562791771, "C134": 0.7266281091957207, "C135": 0.692109020294355, "C136": 0.6877253353441259, "C137": 0.6989346334118415, "C138": 0.723205425285609, "C139": 0.6982244559193402, "C140": 0.6973741828071471, "C141": 0.6910143028458119, "C142": 0.6895713188799559, "C143": 0.7098242868400482, "C144": 0.7383001726918981, "N17": 0.6998738947715045, "N18": 0.694610790659655, "N19": 0.7017784917300667, "N20": 0.6997192110100904, "N21": 0.691942098248283, "N22": 0.693146334359336, "N23": 0.6968176720997006, "N24": 0.709135718471749, "N25": 0.710022090983143, "N26": 0.703213269064163, "N27": 0.7199158843070387, "N28": 0.6987536842529729, "N29": 0.7175401041567828, "N30": 0.7016621297057238, "N31": 0.7009579138366641, "N32": 0.7005752456087442, "O17": 0.6939021705208376, "O18": 0.7020010311195315, "O19": 0.7325352374633838, "O20": 0.7297869097574573, "O21": 0.7020228780237568, "O22": 0.6439526226911657, "O23": 0.6930904433639553, "O24": 0.7349951573308449, "O25": 0.6926146943905112, "O26": 0.7308988010367092, "O27": 0.6931696868014139, "O28": 0.6602386155615394, "O29": 0.732703618553965, "O30": 0.7343345587416864, "O31": 0.7107836391073672, "O32": 0.7074011395606851}