{"C1": 0.29446376613454606, "C2": 0.2932043513314773, "C3": 0.3295395707603798, "C4": 0.3554039558651227, "H1": 0.0, "C5": 0.4008788347739662, "H2": 0.0, "C6": 0.5312150669951571, "H3": 0.0, "C7": 0.5934238912338877, "H4": 0.0, "C8": 0.4342007392911003, "H5": 0.0, "C9": 0.41464537193046075, "C10": 0.36065265699510934, "C11": 0.36803423940807267, "C12": 0.36526377369874724, "H6": 0.0, "C13": 0.46021659001858994, "H7": 0.0, "C14": 0.3896400105853548, "H8": 0.0, "C15": 0.41856420667460864, "H9": 0.0, "C16": 0.47670428257761127, "H10": 0.0, "C17": 0.29286393170366143, "H11": 0.0, "C18": 0.3987964042312682, "H12": 0.0, "C19": 0.416866962530257, "H13": 0.0, "C20": 0.29428988677483076, "H14": 0.0, "H15": 0.0, "C21": 0.35826080292705775, "H16": 0.0, "H17": 0.0, "C22": 0.33116750718567783, "H18": 0.0, "C23": 0.4140005331706809, "H19": 0.0, "C24": 0.32861610198878277, "H20": 0.0, "C25": 0.48039652291201945, "H21": 0.0, "H22": 0.0, "C26": 0.35733946977263376, "H23": 0.0, "H24": 0.0, "C27": 0.3431029281862124, "C28": 0.602450663809169, "C29": 0.4786754584580403, "C30": 0.7005529762541256, "C31": 0.471655205425155, "C32": 0.42230160478616513, "C33": 0.3364442549210492, "C34": 0.4647272517860675, "N1": 0.32638255123068644, "N2": 0.31527152403910114, "N3": 0.3018084938151589, "N4": 0.35532549506722244, "O1": 0.27897197593780426, "O2": 0.2811656079230712, "O3": 0.4613865725100726, "O4": 0.31691316904630257, "O5": 0.3199345716654216, "O6": 0.4876674833414963, "O7": 0.27158858575062267, "O8": 0.3341242433607143, "F1": 0.4818965187334332, "F2": 0.5168114779091467, "F3": 0.5158386035405561, "F4": 0.40796700828958676, "F5": 0.5439018470054978, "F6": 0.5730964270742737, "F7": 0.3834284842764734, "F8": 0.2936154117601525, "F9": 0.40368114495396484, "F10": 0.4977707182818709, "F11": 0.33263812031085815, "F12": 0.3778750666661386, "Ag1": 0.2789988005874088, "Ag2": 0.3315374548689665, "Ag3": 0.2977654282030622, "Ag4": 0.2791020157578618, "Ag5": 0.4469706069751313, "Ag6": 0.261220044394542, "F13": 0.44854476109747127, "F14": 0.4330738817504021, "C35": 0.28695617426297865, "C36": 0.2867224228163842, "C37": 0.32417071476526554, "C38": 0.35605412445101337, "H25": 0.0, "C39": 0.4044969360882926, "H26": 0.0, "C40": 0.5222525014767091, "H27": 0.0, "C41": 0.5941262210768641, "H28": 0.0, "C42": 0.4359771922110922, "H29": 0.0, "C43": 0.39856402982726286, "C44": 0.3562492369858674, "C45": 0.3613291653888883, "C46": 0.3620393890597353, "H30": 0.0, "C47": 0.4521211642332255, "H31": 0.0, "C48": 0.38297672744855954, "H32": 0.0, "C49": 0.4194332093182529, "H33": 0.0, "C50": 0.4989016193979124, "H34": 0.0, "C51": 0.3046599085926547, "H35": 0.0, "C52": 0.40144649686936784, "H36": 0.0, "C53": 0.4238009439769392, "H37": 0.0, "C54": 0.3074597538121972, "H38": 0.0, "H39": 0.0, "C55": 0.3962476209055856, "H40": 0.0, "H41": 0.0, "C56": 0.3423171415344715, "H42": 0.0, "C57": 0.4250627673588469, "H43": 0.0, "C58": 0.3372471027716593, "H44": 0.0, "C59": 0.49413338281496166, "H45": 0.0, "H46": 0.0, "C60": 0.3605642941788256, "H47": 0.0, "H48": 0.0, "C61": 0.3565011569009003, "C62": 0.6002950786718068, "C63": 0.4797671277946072, "C64": 0.6996914974844192, "C65": 0.46419174174326766, "C66": 0.4303024256131667, "C67": 0.3334191722071093, "C68": 0.4615102716721176, "N5": 0.316216613285567, "N6": 0.3191093895283503, "N7": 0.3094642939030945, "N8": 0.3756465440718444, "O9": 0.27676885370864784, "O10": 0.29709008725097014, "O11": 0.4555550689481645, "O12": 0.3154373108571289, "O13": 0.3096575650492277, "O14": 0.48974591669802514, "O15": 0.2802856868787287, "O16": 0.32999955197697745, "F15": 0.47457120400219255, "F16": 0.5058219076816681, "F17": 0.5112302449956604, "F18": 0.4141273488626249, "F19": 0.5554014249824452, "F20": 0.5884653467398225, "F21": 0.3828935280506455, "F22": 0.30012773041453206, "F23": 0.40338668735859917, "F24": 0.5129462354849447, "F25": 0.3580253140802312, "F26": 0.3716834769770254, "Ag7": 0.36261659059620527, "Ag8": 0.3851152786566318, "Ag9": 0.2898046045416966, "Ag10": 0.2705844414419494, "Ag11": 0.45636420048193155, "Ag12": 0.2626926957206396, "F27": 0.4659084875366501, "F28": 0.4348563325800536}