{"C1": 3.109901107485115, "C2": 3.1805574817477957, "C3": 3.208216009521092, "C4": 3.3051544972522087, "H1": 0.0, "C5": 3.4384171497698754, "H2": 0.0, "C6": 3.647786112516026, "H3": 0.0, "C7": 3.6302442899472633, "H4": 0.0, "C8": 3.3592760204693883, "H5": 0.0, "C9": 3.2118728009041493, "C10": 3.2651890629041365, "C11": 3.2983237143054085, "C12": 3.3445700295553284, "H6": 0.0, "C13": 3.607889018541097, "H7": 0.0, "C14": 3.402242502972979, "H8": 0.0, "C15": 3.377553383640652, "H9": 0.0, "C16": 3.4851937160026845, "H10": 0.0, "C17": 3.250646719025765, "H11": 0.0, "C18": 3.359023218237363, "H12": 0.0, "C19": 3.4919628952658415, "H13": 0.0, "C20": 3.1823689084282853, "H14": 0.0, "H15": 0.0, "C21": 3.1593619370240162, "H16": 0.0, "H17": 0.0, "C22": 3.3090368653458473, "H18": 0.0, "C23": 3.3961711752141834, "H19": 0.0, "C24": 3.377601402757141, "H20": 0.0, "C25": 3.779778072841366, "H21": 0.0, "H22": 0.0, "C26": 3.5005802253459737, "H23": 0.0, "H24": 0.0, "C27": 3.2612706494767574, "C28": 3.691202518243852, "C29": 3.3304268672273682, "C30": 3.6374939087878704, "C31": 3.4567419150769862, "C32": 3.4788927795379556, "C33": 3.4028790525238715, "C34": 3.781619483165664, "N1": 3.2327877587656824, "N2": 3.224497188051235, "N3": 3.1942166126754814, "N4": 3.530307788344805, "O1": 3.1606616822468028, "O2": 3.164711442191661, "O3": 3.2865312416409, "O4": 3.1299680181768026, "O5": 3.187868923563999, "O6": 3.473679704188649, "O7": 3.1885064567812607, "O8": 3.3176859964261474, "F1": 3.603307769415338, "F2": 3.5465311175311336, "F3": 3.6701532922764395, "F4": 3.469889834007403, "F5": 3.5371225143756235, "F6": 3.5172046957256926, "F7": 3.3599606424773407, "F8": 3.196831646593025, "F9": 3.356854142768973, "F10": 3.7633395750209253, "F11": 3.541292211919518, "F12": 3.6375006030219605, "Ag1": 3.081412106833214, "Ag2": 3.1168238510804094, "Ag3": 3.14522136450191, "Ag4": 3.1518184048912943, "Ag5": 3.296337119610764, "Ag6": 3.1622721873438273, "F13": 3.4909089242931115, "F14": 3.682876911967444, "C35": 3.09353041929091, "C36": 3.1526337440378143, "C37": 3.2041904193303226, "C38": 3.301044494774583, "H25": 0.0, "C39": 3.464209242353317, "H26": 0.0, "C40": 3.6300958191089943, "H27": 0.0, "C41": 3.6175157635719537, "H28": 0.0, "C42": 3.359025008083765, "H29": 0.0, "C43": 3.2211246642831153, "C44": 3.252125458196401, "C45": 3.260577061652402, "C46": 3.325391394185261, "H30": 0.0, "C47": 3.5214913053669195, "H31": 0.0, "C48": 3.3936018217325277, "H32": 0.0, "C49": 3.390155537875732, "H33": 0.0, "C50": 3.4949759796745012, "H34": 0.0, "C51": 3.2442632193910854, "H35": 0.0, "C52": 3.3673883530492725, "H36": 0.0, "C53": 3.4895759117931937, "H37": 0.0, "C54": 3.2098081038751873, "H38": 0.0, "H39": 0.0, "C55": 3.1835065841208903, "H40": 0.0, "H41": 0.0, "C56": 3.2957747745947934, "H42": 0.0, "C57": 3.4120559532682466, "H43": 0.0, "C58": 3.386586776440826, "H44": 0.0, "C59": 3.790307224258696, "H45": 0.0, "H46": 0.0, "C60": 3.512700187953013, "H47": 0.0, "H48": 0.0, "C61": 3.243936831805387, "C62": 3.6836302562888097, "C63": 3.335993636767797, "C64": 3.715979364737302, "C65": 3.4680807327935184, "C66": 3.4862781973889034, "C67": 3.399501287481691, "C68": 3.7941347052399297, "N5": 3.207252419751609, "N6": 3.2199827323123222, "N7": 3.1777127139473813, "N8": 3.499416927968667, "O9": 3.1453158242633434, "O10": 3.1704522010657117, "O11": 3.3069969983528105, "O12": 3.1663275191123663, "O13": 3.2023798594921176, "O14": 3.477698577898854, "O15": 3.214286066812604, "O16": 3.2698774923786913, "F15": 3.5403734568989873, "F16": 3.500998586886107, "F17": 3.614614211931401, "F18": 3.476920269424615, "F19": 3.5907578694423097, "F20": 3.5707519998395174, "F21": 3.4035413480682797, "F22": 3.232026843893252, "F23": 3.3385100700706456, "F24": 3.777669346845004, "F25": 3.5627671179923324, "F26": 3.597799796068363, "Ag7": 3.112569095728839, "Ag8": 3.1101580326130467, "Ag9": 3.1210691889358193, "Ag10": 3.1357522154309034, "Ag11": 3.2678248343865617, "Ag12": 3.1784462840330767, "F27": 3.5373582689733287, "F28": 3.6659566655041402}