{"C1": 3.146990368182027, "C2": 3.136376056084277, "C3": 3.1772398393474477, "C4": 3.2117602411006105, "H1": 0.0, "C5": 3.2558861797460743, "H2": 0.0, "C6": 3.3674744733314017, "H3": 0.0, "C7": 3.3811558069159924, "H4": 0.0, "C8": 3.2460512303805187, "H5": 0.0, "C9": 3.172018382619604, "C10": 3.195181151411042, "C11": 3.1754031789017807, "C12": 3.1788355856165635, "H6": 0.0, "C13": 3.265384404076917, "H7": 0.0, "C14": 3.197660040221834, "H8": 0.0, "C15": 3.2466609291753, "H9": 0.0, "C16": 3.25248250387135, "H10": 0.0, "C17": 3.1185434674017762, "H11": 0.0, "C18": 3.1884315249539954, "H12": 0.0, "C19": 3.2088315306134882, "H13": 0.0, "C20": 3.1358072663970473, "H14": 0.0, "H15": 0.0, "C21": 3.115091423528008, "H16": 0.0, "H17": 0.0, "C22": 3.164197825119909, "H18": 0.0, "C23": 3.1905231146685393, "H19": 0.0, "C24": 3.1580955169900924, "H20": 0.0, "C25": 3.312583143462889, "H21": 0.0, "H22": 0.0, "C26": 3.180257372601172, "H23": 0.0, "H24": 0.0, "C27": 3.221403943762347, "C28": 3.397388431335671, "C29": 3.200648546242203, "C30": 3.317678831582546, "C31": 3.275567597286559, "C32": 3.243918421102871, "C33": 3.1895524092772436, "C34": 3.3057025224459275, "N1": 3.127379326029319, "N2": 3.155733445380967, "N3": 3.119831674527052, "N4": 3.2041193240215717, "O1": 3.150536341953223, "O2": 3.1797028175405244, "O3": 3.1979167079318658, "O4": 3.144848684630382, "O5": 3.1394298023618403, "O6": 3.2097339890531464, "O7": 3.1362959389439595, "O8": 3.163408204442709, "F1": 3.2527992607044096, "F2": 3.3181388338913647, "F3": 3.3122362654844815, "F4": 3.2245530677364496, "F5": 3.2846298516768395, "F6": 3.2256021890654916, "F7": 3.1922566817478253, "F8": 3.134959864706136, "F9": 3.2126154374981195, "F10": 3.2940941929457397, "F11": 3.1951312185248555, "F12": 3.1927150280494083, "Ag1": 3.1351582370861992, "Ag2": 3.0774817039574893, "Ag3": 3.155027937675464, "Ag4": 3.1086220626501473, "Ag5": 3.133401875110832, "Ag6": 3.0814684438844933, "F13": 3.2321038799736996, "F14": 3.2195510271187633, "C35": 3.1315684462223023, "C36": 3.1321014598916808, "C37": 3.1685377240560215, "C38": 3.2071861150386276, "H25": 0.0, "C39": 3.2499992585493356, "H26": 0.0, "C40": 3.349256464702069, "H27": 0.0, "C41": 3.3863857811506755, "H28": 0.0, "C42": 3.2493553979113203, "H29": 0.0, "C43": 3.1672527890310516, "C44": 3.213811592920538, "C45": 3.189730994777231, "C46": 3.1963076183310846, "H30": 0.0, "C47": 3.2642820324002817, "H31": 0.0, "C48": 3.2246831313867315, "H32": 0.0, "C49": 3.2419806028866867, "H33": 0.0, "C50": 3.2751486700023085, "H34": 0.0, "C51": 3.1042424574896073, "H35": 0.0, "C52": 3.2088932194422632, "H36": 0.0, "C53": 3.2314038012523176, "H37": 0.0, "C54": 3.130435039974165, "H38": 0.0, "H39": 0.0, "C55": 3.108558755795188, "H40": 0.0, "H41": 0.0, "C56": 3.202902298931034, "H42": 0.0, "C57": 3.2195587991502537, "H43": 0.0, "C58": 3.1646104333362564, "H44": 0.0, "C59": 3.3404683437255347, "H45": 0.0, "H46": 0.0, "C60": 3.194330399850576, "H47": 0.0, "H48": 0.0, "C61": 3.2234019007235646, "C62": 3.4095543365268073, "C63": 3.1948164123551837, "C64": 3.3280301841315594, "C65": 3.2597401701120834, "C66": 3.2497591267359316, "C67": 3.174186013851314, "C68": 3.299141171467006, "N5": 3.1333624193952407, "N6": 3.159380155532819, "N7": 3.1590602574829343, "N8": 3.2254621870360305, "O9": 3.1721064678529896, "O10": 3.181607153157311, "O11": 3.1805882207121807, "O12": 3.1374144477101895, "O13": 3.1236992642401287, "O14": 3.219268424807757, "O15": 3.1291138402792176, "O16": 3.1788578824355747, "F15": 3.2603861431335632, "F16": 3.3317996456946086, "F17": 3.346586019662481, "F18": 3.2141071206102714, "F19": 3.2873701232272383, "F20": 3.248047008288167, "F21": 3.1969194702362422, "F22": 3.115687709088305, "F23": 3.2023920118666243, "F24": 3.2918884001246447, "F25": 3.2320849085834955, "F26": 3.1894762428105357, "Ag7": 3.1498115781289306, "Ag8": 3.0910949968108024, "Ag9": 3.172530709697046, "Ag10": 3.095465023749176, "Ag11": 3.154434512116179, "Ag12": 3.101205615380417, "F27": 3.257197968358823, "F28": 3.2267102936213665}