{"C1": 0.26357410008817356, "C2": 0.263639711553084, "C3": 0.2831106599378643, "C4": 0.29603530183253784, "H1": 0.0, "C5": 0.3076135096135778, "H2": 0.0, "C6": 0.368345456967883, "H3": 0.0, "C7": 0.3853753736432694, "H4": 0.0, "C8": 0.3101078036075404, "H5": 0.0, "C9": 0.27400850085212997, "C10": 0.2859852677339455, "C11": 0.2994973494692368, "C12": 0.29659029077731286, "H6": 0.0, "C13": 0.32793272519835187, "H7": 0.0, "C14": 0.3113418111160658, "H8": 0.0, "C15": 0.33035276900721594, "H9": 0.0, "C16": 0.3373054822263757, "H10": 0.0, "C17": 0.27087695620429797, "H11": 0.0, "C18": 0.3023960886718517, "H12": 0.0, "C19": 0.2992308616113964, "H13": 0.0, "C20": 0.27714306657239457, "H14": 0.0, "H15": 0.0, "C21": 0.2748336375825225, "H16": 0.0, "H17": 0.0, "C22": 0.29553823899370374, "H18": 0.0, "C23": 0.3276698177781331, "H19": 0.0, "C24": 0.29747083779134914, "H20": 0.0, "C25": 0.3690844941164713, "H21": 0.0, "H22": 0.0, "C26": 0.3180066793091827, "H23": 0.0, "H24": 0.0, "C27": 0.3074752694027403, "C28": 0.39281588825933494, "C29": 0.3002404298487194, "C30": 0.35385273071019946, "C31": 0.3064736238166835, "C32": 0.3101675088082514, "C33": 0.29754624779597716, "C34": 0.35725277769941743, "N1": 0.2656823880324816, "N2": 0.2678406475872623, "N3": 0.2783916848115499, "N4": 0.3223899059196313, "O1": 0.2862464425098264, "O2": 0.2718366847229913, "O3": 0.2924209123606484, "O4": 0.26884601022635396, "O5": 0.2698285664667361, "O6": 0.3103061688684885, "O7": 0.28172003756139946, "O8": 0.2909905164333193, "F1": 0.36355028383852533, "F2": 0.3745490907820978, "F3": 0.3431927465524529, "F4": 0.30729710048827363, "F5": 0.33553703332354146, "F6": 0.3242535049927119, "F7": 0.31121459705445526, "F8": 0.2602754736707446, "F9": 0.3196192474729484, "F10": 0.3608035184774532, "F11": 0.2999271030031469, "F12": 0.3194532684770834, "Ag1": 0.25783747755469805, "Ag2": 0.2601647410577344, "Ag3": 0.2707336001367665, "Ag4": 0.2578433968277056, "Ag5": 0.28522928730412234, "Ag6": 0.26736946578595017, "F13": 0.32542596917170324, "F14": 0.3289389655507608, "C35": 0.2641842421489093, "C36": 0.2693041719797346, "C37": 0.28913129824204636, "C38": 0.3007420918278198, "H25": 0.0, "C39": 0.3101155724660093, "H26": 0.0, "C40": 0.3696572752869795, "H27": 0.0, "C41": 0.38560662872184914, "H28": 0.0, "C42": 0.31498598897679336, "H29": 0.0, "C43": 0.27268541509149746, "C44": 0.2882902524103897, "C45": 0.3007462670675987, "C46": 0.2979907973373646, "H30": 0.0, "C47": 0.3260554261981254, "H31": 0.0, "C48": 0.3103242481462167, "H32": 0.0, "C49": 0.33386026273607383, "H33": 0.0, "C50": 0.34513967264304646, "H34": 0.0, "C51": 0.2683481295379202, "H35": 0.0, "C52": 0.3031533259647447, "H36": 0.0, "C53": 0.30346123344645576, "H37": 0.0, "C54": 0.2767717344855443, "H38": 0.0, "H39": 0.0, "C55": 0.27554914805547387, "H40": 0.0, "H41": 0.0, "C56": 0.29626729370381, "H42": 0.0, "C57": 0.3305821830777989, "H43": 0.0, "C58": 0.29693133088609075, "H44": 0.0, "C59": 0.37323431099200527, "H45": 0.0, "H46": 0.0, "C60": 0.315173046344461, "H47": 0.0, "H48": 0.0, "C61": 0.30291090217355765, "C62": 0.38873310200746075, "C63": 0.3026353042645713, "C64": 0.3577648306263328, "C65": 0.3061923521964482, "C66": 0.31124257181245, "C67": 0.29412270837727555, "C68": 0.35311990778871266, "N5": 0.2695417895642395, "N6": 0.26861328980375615, "N7": 0.2744996555142893, "N8": 0.3252504127108588, "O9": 0.28343525781791984, "O10": 0.27196238499830966, "O11": 0.2913731240504441, "O12": 0.26603150499014866, "O13": 0.2685041132351224, "O14": 0.3130343962108279, "O15": 0.28002700784074985, "O16": 0.2869825873528233, "F15": 0.3644248588505829, "F16": 0.3688405990523631, "F17": 0.3408611625869204, "F18": 0.310803843142073, "F19": 0.340950789905335, "F20": 0.3309625568169122, "F21": 0.3127266516674461, "F22": 0.26508315952348066, "F23": 0.32078113976464934, "F24": 0.3620781950751179, "F25": 0.3095122448029543, "F26": 0.3150865411365323, "Ag7": 0.2558791611962868, "Ag8": 0.26040172948177404, "Ag9": 0.2708899365848029, "Ag10": 0.257872291791928, "Ag11": 0.28848226638206975, "Ag12": 0.2642517894781238, "F27": 0.33491532590657647, "F28": 0.3317588809844244}