{"S1": 0.25761277306128183, "N1": 0.06274225559734863, "C1": 0.14617319172295762, "C2": 0.3116321474844515, "H1": 0.0, "C3": 0.33736381408605187, "H2": 0.0, "C4": 0.16533420450603897, "C5": 0.10048984244888023, "S2": 0.257431335522463, "N2": 0.0629922181576433, "C6": 0.14524982876298437, "C7": 0.3124822853134709, "H3": 0.0, "C8": 0.33348663456825767, "H4": 0.0, "C9": 0.1667142196022366, "C10": 0.1004007777115711, "S3": 0.25449825231185746, "N3": 0.06232102817576045, "C11": 0.14665883759043669, "C12": 0.31648092058252947, "H5": 0.0, "C13": 0.33217609163673945, "H6": 0.0, "C14": 0.16590152775531783, "C15": 0.10087804488887939, "S4": 0.2568733785080384, "N4": 0.06415939758574077, "C16": 0.14849140233663083, "C17": 0.3150547190175253, "H7": 0.0, "C18": 0.33149958251755546, "H8": 0.0, "C19": 0.1682842984135089, "C20": 0.10331075809018242, "S5": 0.22856095083611208, "N5": 0.06990370827071629, "C21": 0.15671775635312218, "C22": 0.3601400126811986, "H9": 0.0, "C23": 0.37346655898981107, "H10": 0.0, "C24": 0.17214452676350836, "C25": 0.10890250093575995, "S6": 0.2316307864047436, "N6": 0.07208694175353475, "C26": 0.1606938074941346, "C27": 0.3600495614004852, "H11": 0.0, "C28": 0.3756949473505631, "H12": 0.0, "C29": 0.17512696083711882, "C30": 0.11119663902742778, "S7": 0.23248733918948838, "N7": 0.07195553044748504, "C31": 0.16058916923654204, "C32": 0.3564883318381743, "H13": 0.0, "C33": 0.36947364827583506, "H14": 0.0, "C34": 0.17345084921690318, "C35": 0.11083385430211734, "S8": 0.2341862051785017, "N8": 0.07130182060998383, "C36": 0.1604223237221051, "C37": 0.35506394750780995, "H15": 0.0, "C38": 0.37389297962440055, "H16": 0.0, "C39": 0.1756475110894409, "C40": 0.11062366871680829, "Ag1": 0.01331691672445771, "Ag2": 0.013374403288400834}