{"S1": 1.291165203365785, "N1": 0.40638755081793887, "C1": 0.6350612028133237, "C2": 0.8860277298751036, "H1": 0.0, "C3": 0.9619523866686615, "H2": 0.0, "C4": 0.7429692243791246, "C5": 0.5589375289545642, "S2": 1.2913277737622026, "N2": 0.40878537239571566, "C6": 0.6311843191215603, "C7": 0.8895211350638162, "H3": 0.0, "C8": 0.9519199737096491, "H4": 0.0, "C9": 0.7461606527054327, "C10": 0.5611938119126962, "S3": 1.2773173625572778, "N3": 0.4056707116489927, "C11": 0.6299020138393978, "C12": 0.8952017980941812, "H5": 0.0, "C13": 0.9569190363182957, "H6": 0.0, "C14": 0.7374728292556506, "C15": 0.5561234628043927, "S4": 1.2800271736542295, "N4": 0.4109046626336058, "C16": 0.6382426135760504, "C17": 0.8956598257792608, "H7": 0.0, "C18": 0.961667347792757, "H8": 0.0, "C19": 0.744959660546981, "C20": 0.5620783265565761, "S5": 1.107027049432375, "N5": 0.4195101973925109, "C21": 0.6977068308127473, "C22": 1.1110316609177961, "H9": 0.0, "C23": 1.1718352753271735, "H10": 0.0, "C24": 0.7682279739768599, "C25": 0.5894194546268272, "S6": 1.1116177095341766, "N6": 0.4258625625518271, "C26": 0.7054194316271744, "C27": 1.1184402416840484, "H11": 0.0, "C28": 1.1781347568807488, "H12": 0.0, "C29": 0.7769806815646799, "C30": 0.5999983209090718, "S7": 1.1154813182086682, "N7": 0.4212336517611467, "C31": 0.7005287683151944, "C32": 1.1077544419677727, "H13": 0.0, "C33": 1.1614403858469358, "H14": 0.0, "C34": 0.7699597499308691, "C35": 0.5950403299099656, "S8": 1.116612612992431, "N8": 0.4210225648854256, "C36": 0.7016023949219686, "C37": 1.1054424994973129, "H15": 0.0, "C38": 1.1725951561546517, "H16": 0.0, "C39": 0.7778360650196253, "C40": 0.5927959666861847, "Ag1": 0.2824009998706721, "Ag2": 0.2791331722063684}