{"S1": 0.5940099968020214, "N1": 0.2305073798190491, "C1": 0.33899453905540394, "C2": 0.4698994857061425, "H1": 0.0, "C3": 0.5012349966873253, "H2": 0.0, "C4": 0.3862231721456595, "C5": 0.2925174272291892, "S2": 0.5919448483406256, "N2": 0.22900303930214405, "C6": 0.3342185662617436, "C7": 0.4683057554696164, "H3": 0.0, "C8": 0.49351223284749146, "H4": 0.0, "C9": 0.38425753749764713, "C10": 0.289679242708442, "S3": 0.583772440334506, "N3": 0.22938826375421678, "C11": 0.33697844207556227, "C12": 0.4741790864182236, "H5": 0.0, "C13": 0.49547718840390104, "H6": 0.0, "C14": 0.3818228565070364, "C15": 0.29112570106741864, "S4": 0.5897202609767676, "N4": 0.23090332133239444, "C16": 0.3391680617098855, "C17": 0.4737434888258929, "H7": 0.0, "C18": 0.49486182324104955, "H8": 0.0, "C19": 0.3863121293860307, "C20": 0.29223769671864464, "S5": 0.5296720305410715, "N5": 0.2336296395591072, "C21": 0.35493167357545136, "C22": 0.5388670911664515, "H9": 0.0, "C23": 0.5590025386926227, "H10": 0.0, "C24": 0.3926538348919384, "C25": 0.3026534084269036, "S6": 0.5293901021823469, "N6": 0.23260124311196803, "C26": 0.3571831832615504, "C27": 0.54160076367759, "H11": 0.0, "C28": 0.5588483352866095, "H12": 0.0, "C29": 0.39351402322877743, "C30": 0.30407537355355996, "S7": 0.5318869477473178, "N7": 0.23386676433241266, "C31": 0.35635993476845584, "C32": 0.5372271153930152, "H13": 0.0, "C33": 0.5537545999785474, "H14": 0.0, "C34": 0.391901221685497, "C35": 0.3035336459972164, "S8": 0.5332611170032989, "N8": 0.2335994928988514, "C36": 0.3561705452820592, "C37": 0.5367742015365794, "H15": 0.0, "C38": 0.557328170473863, "H16": 0.0, "C39": 0.3948636246974162, "C40": 0.3020581620924122, "Ag1": 0.16927080953209692, "Ag2": 0.16930390529536524}