{"S1": 0.123295697178825, "N1": 0.029182785553290496, "C1": 0.05654153462398644, "C2": 0.07861855829953283, "H1": 0.0, "C3": 0.08735145817832751, "H2": 0.0, "C4": 0.059908251775387555, "C5": 0.04413314786398557, "S2": 0.12344367104074183, "N2": 0.028977217687261657, "C6": 0.05593720414560575, "C7": 0.07857624973961132, "H3": 0.0, "C8": 0.08602328719250459, "H4": 0.0, "C9": 0.059796516023525134, "C10": 0.043786045186864575, "S3": 0.12201562908318468, "N3": 0.029077686550136032, "C11": 0.056029913439109215, "C12": 0.07930137182981531, "H5": 0.0, "C13": 0.08625229679897793, "H6": 0.0, "C14": 0.05950439473081835, "C15": 0.043924702048845174, "S4": 0.12224313080867237, "N4": 0.02941539945742642, "C16": 0.05650427663544764, "C17": 0.07887604582719111, "H7": 0.0, "C18": 0.08601637521458601, "H8": 0.0, "C19": 0.05952655598476012, "C20": 0.044040278018792886, "S5": 0.10471359629283543, "N5": 0.030562399182307916, "C21": 0.06071390229667517, "C22": 0.09765946634881205, "H9": 0.0, "C23": 0.10585072235857076, "H10": 0.0, "C24": 0.06027720209139098, "C25": 0.04728758103904087, "S6": 0.10454881003905452, "N6": 0.03090501635240283, "C26": 0.06143952159920537, "C27": 0.0977890568338455, "H11": 0.0, "C28": 0.10620853552143703, "H12": 0.0, "C29": 0.06063220308041032, "C30": 0.047841788139104564, "S7": 0.10586474336591926, "N7": 0.030765342613222252, "C31": 0.06105095291905131, "C32": 0.09656011833317232, "H13": 0.0, "C33": 0.10456828483089342, "H14": 0.0, "C34": 0.0602564949954163, "C35": 0.047675149611878756, "S8": 0.10584377249148821, "N8": 0.030556718976115282, "C36": 0.060828873537576676, "C37": 0.09634169956367239, "H15": 0.0, "C38": 0.10556590877962277, "H16": 0.0, "C39": 0.060484791520797644, "C40": 0.04717682246931257, "Ag1": 0.01498023515698892, "Ag2": 0.01507941167903841}