{"Eu1": 31.412792193900017, "Eu2": 31.420303780581378, "Eu3": 31.40457469543788, "Eu4": 31.417296575552008, "H1": 0.0, "H2": 0.0, "H3": 0.0, "H4": 0.0, "H5": 0.0, "H6": 0.0, "H7": 0.0, "H8": 0.0, "H9": 0.0, "H10": 0.0, "H11": 0.0, "H12": 0.0, "C1": 31.491517917512365, "C2": 31.45549871869128, "C3": 31.467719444811653, "C4": 31.477540171290574, "C5": 31.50170066018199, "C6": 31.458114135604372, "C7": 31.46439027029638, "C8": 31.480030505009303, "C9": 31.492674731642854, "C10": 31.454264637678087, "C11": 31.463860695138408, "C12": 31.472835739403646, "C13": 31.49827600433118, "C14": 31.458641546868165, "C15": 31.465814828165552, "C16": 31.475929437176227, "C17": 31.44827254081573, "C18": 31.446908827482925, "O1": 31.167111000228118, "O2": 31.447722392591206, "O3": 31.447219317827575, "O4": 31.39833056841206, "O5": 31.260817848628268, "O6": 31.43917621593491, "O7": 31.18520582949179, "O8": 31.44758484580978, "O9": 31.437992797189, "O10": 31.386678465380577, "O11": 31.26934356846799, "O12": 31.432646230962476, "O13": 31.164751708291437, "O14": 31.445655464056127, "O15": 31.445418339282572, "O16": 31.40742431077507, "O17": 31.25737604182858, "O18": 31.44532893525461, "O19": 31.16315575474832, "O20": 31.44571147063313, "O21": 31.437145641240686, "O22": 31.41156122002438, "O23": 31.27279875533927, "O24": 31.432634792264686}