{"Eu1": 31.476161671594486, "Eu2": 31.487984330617458, "Eu3": 31.47082051048201, "Eu4": 31.490064595019447, "H1": 0.0, "H2": 0.0, "H3": 0.0, "H4": 0.0, "H5": 0.0, "H6": 0.0, "H7": 0.0, "H8": 0.0, "H9": 0.0, "H10": 0.0, "H11": 0.0, "H12": 0.0, "C1": 31.674169811324266, "C2": 31.596082640940033, "C3": 31.58465633516514, "C4": 31.637644561774533, "C5": 31.665606833061986, "C6": 31.59724732502595, "C7": 31.571716841020656, "C8": 31.64204620270154, "C9": 31.68137162716677, "C10": 31.59840604128481, "C11": 31.584278574943777, "C12": 31.637250879209038, "C13": 31.67629440088364, "C14": 31.598250673075572, "C15": 31.579570165820957, "C16": 31.63846501990963, "C17": 31.53594688579708, "C18": 31.536385497815733, "O1": 30.890392308951657, "O2": 31.565280418793332, "O3": 31.52798818216319, "O4": 31.413548970853412, "O5": 31.11589845325332, "O6": 31.50468775064306, "O7": 30.91401486132, "O8": 31.554046514740126, "O9": 31.53604191583549, "O10": 31.392470549031692, "O11": 31.12527351641646, "O12": 31.506594577804062, "O13": 30.881348582661442, "O14": 31.561459781031232, "O15": 31.52900980908334, "O16": 31.43747917869605, "O17": 31.098271378191633, "O18": 31.511705534509034, "O19": 30.861356889458005, "O20": 31.558040033092897, "O21": 31.54059798370975, "O22": 31.450987067285393, "O23": 31.139817935312923, "O24": 31.515766732033473}