{"Eu1": 0.8766172958492553, "Eu2": 0.8767247611672461, "Eu3": 0.8759075617938239, "Eu4": 0.8767863855425465, "H1": 0.0, "H2": 0.0, "H3": 0.0, "H4": 0.0, "H5": 0.0, "H6": 0.0, "H7": 0.0, "H8": 0.0, "H9": 0.0, "H10": 0.0, "H11": 0.0, "H12": 0.0, "C1": 0.8882154222738827, "C2": 0.882467244314921, "C3": 0.8821979931212764, "C4": 0.8839635041345609, "C5": 0.8886231988563497, "C6": 0.8820802013347753, "C7": 0.8823997711058468, "C8": 0.8840676488254585, "C9": 0.888677153424275, "C10": 0.8825313594230058, "C11": 0.8829156627219412, "C12": 0.8840091966030141, "C13": 0.8882271599085014, "C14": 0.8821384268656485, "C15": 0.8826752340520695, "C16": 0.8839941747513513, "C17": 0.8790448179093424, "C18": 0.8791849505880739, "O1": 0.8452836636742403, "O2": 0.8807013743352996, "O3": 0.8813531581108169, "O4": 0.873999484033003, "O5": 0.8585732770189913, "O6": 0.8804436116452135, "O7": 0.847292248613216, "O8": 0.8811913257000952, "O9": 0.8812998498560192, "O10": 0.8734293562992204, "O11": 0.858025875368123, "O12": 0.88046439854432, "O13": 0.8448059168263878, "O14": 0.8814662230843501, "O15": 0.8807181157599726, "O16": 0.875559553963609, "O17": 0.8573612502416504, "O18": 0.8804992453958272, "O19": 0.8451092904807146, "O20": 0.8813520877283828, "O21": 0.881074397358717, "O22": 0.876434343654675, "O23": 0.8587293676805103, "O24": 0.8806311125831504}