{"Eu1": 0.8900931339254736, "Eu2": 0.8885973504870182, "Eu3": 0.8880854647768993, "Eu4": 0.8875915320345212, "H1": 0.0, "H2": 0.0, "H3": 0.0, "H4": 0.0, "H5": 0.0, "H6": 0.0, "H7": 0.0, "H8": 0.0, "H9": 0.0, "H10": 0.0, "H11": 0.0, "H12": 0.0, "C1": 0.9289031300487915, "C2": 0.9096253003498259, "C3": 0.9008936254390219, "C4": 0.9160279753819547, "C5": 0.9298966962738979, "C6": 0.9102945193777495, "C7": 0.9028880517799518, "C8": 0.9161684199287665, "C9": 0.9281286277925663, "C10": 0.908742149437183, "C11": 0.901397052365446, "C12": 0.9176166713757065, "C13": 0.9268899537360851, "C14": 0.9084104110666585, "C15": 0.9020105305396737, "C16": 0.915388610651025, "C17": 0.8879201013380655, "C18": 0.8878163719880668, "O1": 0.7833920143887821, "O2": 0.8948768920529648, "O3": 0.8921689200812941, "O4": 0.8772129092576282, "O5": 0.827264369418799, "O6": 0.9005386843264456, "O7": 0.785700731068804, "O8": 0.8962701631112928, "O9": 0.8950422148903251, "O10": 0.8741559517155318, "O11": 0.8234195896612714, "O12": 0.9004169654527866, "O13": 0.7823799611528041, "O14": 0.8956283963962774, "O15": 0.8938684522252758, "O16": 0.8807411718763949, "O17": 0.8217990539243014, "O18": 0.9012398843521291, "O19": 0.7779053376164035, "O20": 0.8957454174771043, "O21": 0.896438851355735, "O22": 0.8851333939082221, "O23": 0.8264781781345145, "O24": 0.9008233721647757}