{
    "BAFHAU_clean": [
        0.08470276489908671,
        0.07368277978483102,
        0.08980455496908375,
        0.0787455597440584,
        0.08303702776250378,
        0.0745483772412309,
        0.07796881924335836,
        0.08965761896526692,
        0.07837585554942941,
        0.07378637553249866,
        0.0846359570861282,
        0.0831837256100085,
        0.07940789252514564,
        0.07806370634967014,
        0.07488142983458745,
        0.07830949258096122,
        0.1386628104839657,
        0.13457489024283767,
        0.12631474270829565,
        0.1511384762498424,
        0.1451579371170203,
        0.1278502960677411,
        0.13997251218970408,
        0.13681214710949796,
        0.1270611410642016,
        0.1493863776647874,
        0.13969663387782866,
        0.1334734094867379,
        0.1468612709834905,
        0.12799952721674343,
        0.14110485637993728,
        0.13837560287283304,
        0.11554906289498497,
        0.11632937404064314,
        0.10702849169040239,
        0.10215723625542493,
        0.1335859042172504,
        0.1171463723765149,
        0.11697869587675784,
        0.09856488852272573,
        0.11825842664498419,
        0.10704880110056429,
        0.11550276012440058,
        0.09657897525923774,
        0.12163562566815049,
        0.1038340549950996,
        0.13381712875138205,
        0.11662052232615232,
        0.1227039682437197,
        0.10138636923602734,
        0.10692718510002504,
        0.10206646831602892,
        0.11545803814796984,
        0.117122790666206,
        0.11835883752165209,
        0.10628764528126564,
        0.11712504646806289,
        0.09914096982698381,
        0.1215784241767809,
        0.10377545739737148,
        0.1156682085789369,
        0.09699666844234664,
        0.12274596429500355,
        0.10192894172616512,
        0.1221473578154433,
        0.12304908869676946,
        0.11139932370622253,
        0.1295160357913844,
        0.11813038890447095,
        0.12246598428029201,
        0.1317535593493783,
        0.11051214456316151,
        0.11994452142531156,
        0.12173143865371941,
        0.11112425623029608,
        0.12573808799788053,
        0.13316893466645294,
        0.10999139336490393,
        0.11731883975368877,
        0.1234201599097122
    ],
    "RONZID_clean": [
        0.06638399823760366,
        0.06429272228697304,
        0.06433404340080347,
        0.06466137756854741,
        0.10523615385269611,
        0.10404321356748227,
        0.1033711629422672,
        0.10661831935647773,
        0.10592910072992283,
        0.10489091908179089,
        0.10584524395356777,
        0.10369997566314645,
        0.08947810083863135,
        0.08707625188969766,
        0.08775729141325564,
        0.0868304820879126,
        0.08726807266768209,
        0.08838828069192937,
        0.08928319907621705,
        0.08833960402709115
    ],
    "NEVVEQ_clean": [
        0.02184668614299197,
        0.022020118897437067,
        0.01836636817237767,
        0.018361440365327802,
        0.0,
        0.0,
        0.0,
        0.0,
        0.0,
        0.0,
        0.0,
        0.0,
        0.0,
        0.0,
        0.0,
        0.0,
        0.08023906881447422,
        0.0840774557912821,
        0.08414222640053955,
        0.10566910508951737,
        0.09419578014469998,
        0.09098552298554798,
        0.08006219305382539,
        0.08413362346592496,
        0.08398570293044888,
        0.10448931481672492,
        0.09367893730494462,
        0.0903518726972661,
        0.08010195889107412,
        0.08374696934655204,
        0.08364632256840816,
        0.1041284724221284,
        0.09336731455018558,
        0.09066849370033932,
        0.0803660197332041,
        0.08404678630765366,
        0.08390649288866407,
        0.10523729731541114,
        0.09389450111138259,
        0.09112997397808083,
        0.0998643413351279,
        0.10007711516275333,
        0.09987743779543565,
        0.09943233798397823,
        0.06364188384845768,
        0.06335816606031468,
        0.06326156961923905,
        0.06367667108256089,
        0.0589771576230791,
        0.05193067183168784,
        0.05881671310929292,
        0.051973995049471804,
        0.05884839893439622,
        0.052164832133290207,
        0.05893346135470622,
        0.05203011781542981
    ],